transaction_id,customer_id,transaction_date,transaction_type,transaction_amount,payment_method,merchant_category
T00001,C0103,2025-07-08,Payment,7625.32,Net Banking,Other
T00002,C0436,2025-03-26,Payment,9527.03,Cash,Healthcare
T00003,C0349,2022-02-16,Transfer,1243.62,Card,Healthcare
T00004,C0271,2022-11-20,Transfer,2444.64,Net Banking,Travel
T00005,C0107,2024-04-23,Transfer,2432.12,Card,Other
T00006,C0072,2022-05-10,Payment,2121.57,Cash,Travel
T00007,C0189,2025-12-05,Payment,8737.79,Net Banking,Food
T00008,C0021,2022-04-05,Withdrawal,3853.63,Cash,Education
T00009,C0103,2023-09-19,Transfer,3641.75,Cash,Other
T00010,C0122,2024-01-25,Transfer,905.73,Cash,Education
T00011,C0467,2025-08-08,Transfer,7481.34,Net Banking,Food
T00012,C0215,2024-03-04,Purchase,1669.74,UPI,Education
T00013,C0331,2025-07-30,Withdrawal,4721.01,Net Banking,Retail
T00014,C0459,2022-03-10,Transfer,5618.02,Cash,Education
T00015,C0088,2022-01-11,Transfer,13364.53,Net Banking,Food
T00016,C0373,2025-07-01,Transfer,1579.36,Cash,Education
T00017,C0100,2024-05-21,Purchase,401.91,UPI,Healthcare
T00018,C0360,2023-07-04,Purchase,5213.01,Card,Travel
T00019,C0152,2025-03-03,Payment,19000.9,UPI,Retail
T00020,C0131,2023-12-13,Withdrawal,12124.58,UPI,Healthcare
T00021,C0150,2022-01-23,Payment,5321.76,Card,Healthcare
T00022,C0309,2024-03-25,Withdrawal,3036.69,Net Banking,Food
T00023,C0258,2022-12-12,Purchase,8582.93,Card,Travel
T00024,C0344,2022-10-29,Transfer,2065.23,Net Banking,Travel
T00025,C0492,2022-12-29,Payment,6587.43,Net Banking,Other
T00026,C0414,2023-01-31,Transfer,6742.65,Cash,Retail
T00027,C0294,2022-08-06,Payment,10509.14,Cash,Food
T00028,C0386,2022-05-21,Purchase,40927.63,Card,Retail
T00029,C0192,2024-08-15,Purchase,6159.59,UPI,Other
T00030,C0444,2025-05-18,Purchase,2994.89,Card,Education
T00031,C0277,2024-09-11,Payment,4408.87,Net Banking,Healthcare
T00032,C0161,2024-09-19,Withdrawal,1092.88,Cash,Retail
T00033,C0460,2024-04-07,Payment,2581.34,Card,Healthcare
T00034,C0314,2023-11-14,Withdrawal,3243.49,Card,Food
T00035,C0022,2024-09-30,Payment,2958.87,Cash,Education
T00036,C0253,2022-12-22,Payment,5083.3,Cash,Food
T00037,C0236,2024-10-04,Purchase,2330.64,Cash,Education
T00038,C0345,2025-09-09,Transfer,11033.12,Net Banking,Education
T00039,C0049,2025-03-02,Transfer,4500.75,Cash,Healthcare
T00040,C0475,2024-06-06,Withdrawal,4466.64,UPI,Food
T00041,C0059,2022-05-07,Transfer,3461.71,Card,Food
T00042,C0170,2025-02-03,Payment,5094.85,Cash,Retail
T00043,C0476,2024-10-05,Payment,8707.25,Cash,Food
T00044,C0188,2023-08-27,Purchase,2248.75,Net Banking,Retail
T00045,C0464,2025-11-02,Purchase,2658.03,Net Banking,Travel
T00046,C0271,2024-10-10,Transfer,3529.29,Card,Travel
T00047,C0190,2022-02-20,Withdrawal,1533.24,UPI,Travel
T00048,C0446,2024-11-18,Transfer,2336.54,Card,Other
T00049,C0175,2025-08-12,Transfer,3074.37,Cash,Food
T00050,C0446,2025-08-13,Transfer,9057.46,UPI,Other
T00051,C0051,2024-02-18,Transfer,5551.82,UPI,Food
T00052,C0364,2025-12-01,Payment,5253.79,UPI,Retail
T00053,C0055,2024-03-24,Withdrawal,8888.83,UPI,Other
T00054,C0244,2025-11-29,Payment,4031.67,Card,Other
T00055,C0320,2025-10-01,Withdrawal,6149.98,Net Banking,Other
T00056,C0131,2023-02-24,Purchase,4143.33,Net Banking,Education
T00057,C0485,2025-04-20,Transfer,5564.28,Cash,Retail
T00058,C0307,2024-09-09,Payment,2823.2,Net Banking,Travel
T00059,C0135,2024-04-04,Withdrawal,639.56,Net Banking,Retail
T00060,C0021,2024-10-21,Purchase,4041.65,Net Banking,Education
T00061,C0329,2023-07-21,Purchase,14045.13,Net Banking,Food
T00062,C0167,2023-01-06,Transfer,9440.88,Cash,Retail
T00063,C0274,2024-07-24,Withdrawal,9741.5,Card,Other
T00064,C0388,2023-10-23,Payment,12097.3,UPI,Travel
T00065,C0089,2025-12-25,Transfer,4830.76,Net Banking,Travel
T00066,C0316,2024-08-26,Payment,5269.47,Card,Food
T00067,C0014,2025-08-25,Purchase,2745.48,Net Banking,Retail
T00068,C0242,2025-03-06,Payment,3494.6,Net Banking,Education
T00069,C0265,2022-07-21,Payment,7364.67,UPI,Food
T00070,C0346,2025-12-30,Transfer,11789.21,UPI,Retail
T00071,C0053,2022-11-09,Payment,4024.98,UPI,Healthcare
T00072,C0386,2022-04-27,Transfer,3139.07,Net Banking,Travel
T00073,C0340,2024-07-25,Purchase,4501.9,Net Banking,Education
T00074,C0092,2023-07-29,Transfer,7279.36,Net Banking,Other
T00075,C0367,2022-09-01,Transfer,1417.64,UPI,Education
T00076,C0444,2023-06-21,Withdrawal,716.87,Cash,Other
T00077,C0455,2022-03-16,Payment,2896.92,Card,Education
T00078,C0428,2023-01-21,Purchase,1694.7,Cash,Travel
T00079,C0264,2025-05-18,Transfer,2996.86,Net Banking,Other
T00080,C0431,2023-04-20,Purchase,3998.24,Net Banking,Retail
T00081,C0035,2023-02-22,Withdrawal,3131.4,Cash,Other
T00082,C0206,2022-12-13,Payment,14383.06,Net Banking,Food
T00083,C0081,2023-10-02,Transfer,5844.34,Card,Retail
T00084,C0420,2024-07-27,Payment,5722.79,Net Banking,Food
T00085,C0050,2024-08-12,Withdrawal,7402.69,Card,Education
T00086,C0360,2024-05-25,Withdrawal,1809.43,Cash,Retail
T00087,C0388,2024-02-02,Purchase,10333.25,Cash,Education
T00088,C0002,2025-04-17,Transfer,4235.35,Net Banking,Healthcare
T00089,C0390,2025-04-20,Purchase,7694.16,Card,Education
T00090,C0054,2023-10-26,Withdrawal,1909.02,Net Banking,Education
T00091,C0106,2022-01-25,Payment,1298.32,UPI,Food
T00092,C0260,2025-04-18,Purchase,8657.18,UPI,Other
T00093,C0310,2023-12-11,Purchase,6081.22,UPI,Healthcare
T00094,C0477,2025-03-30,Payment,2186.79,UPI,Education
T00095,C0191,2022-06-26,Purchase,2244.2,Net Banking,Education
T00096,C0402,2022-10-12,Payment,11072.06,UPI,Healthcare
T00097,C0218,2022-03-04,Transfer,1737.67,Card,Healthcare
T00098,C0044,2024-09-29,Payment,16746.94,Cash,Retail
T00099,C0162,2023-10-24,Transfer,2189.3,Cash,Food
T00100,C0202,2023-10-28,Payment,7499.16,UPI,Healthcare
T00101,C0446,2022-06-05,Withdrawal,3459.7,UPI,Healthcare
T00102,C0484,2024-12-08,Withdrawal,7290.9,UPI,Travel
T00103,C0270,2024-08-24,Transfer,2911.84,Net Banking,Other
T00104,C0351,2024-04-28,Transfer,3950.5,Cash,Healthcare
T00105,C0304,2025-01-12,Withdrawal,4649.75,UPI,Food
T00106,C0271,2025-10-16,Transfer,2018.45,Card,Other
T00107,C0456,2023-11-20,Payment,8139.57,UPI,Other
T00108,C0462,2022-05-28,Payment,2984.72,Cash,Education
T00109,C0215,2022-12-08,Withdrawal,3747.91,UPI,Education
T00110,C0252,2023-04-21,Purchase,2031.14,Cash,Education
T00111,C0190,2024-12-22,Payment,579.38,UPI,Education
T00112,C0296,2025-10-15,Transfer,3862.27,Card,Travel
T00113,C0213,2023-07-15,Purchase,31005.66,UPI,Healthcare
T00114,C0208,2022-11-23,Purchase,8429.7,Card,Education
T00115,C0237,2025-03-10,Payment,4431.19,Card,Retail
T00116,C0338,2024-09-16,Payment,3646.49,UPI,Education
T00117,C0367,2022-08-03,Purchase,4581.61,Card,Healthcare
T00118,C0053,2023-03-11,Purchase,6971.1,Net Banking,Education
T00119,C0280,2024-08-09,Withdrawal,1749.67,UPI,Travel
T00120,C0410,2023-12-24,Transfer,10974.06,UPI,Food
T00121,C0217,2025-09-03,Withdrawal,7975.56,Card,Food
T00122,C0252,2022-02-01,Payment,7993.48,Card,Healthcare
T00123,C0188,2023-11-01,Withdrawal,6390.79,UPI,Food
T00124,C0380,2022-10-12,Withdrawal,4571.18,Net Banking,Food
T00125,C0493,2025-08-21,Withdrawal,7708.83,Card,Retail
T00126,C0041,2023-03-05,Withdrawal,7224.87,Card,Healthcare
T00127,C0157,2022-10-13,Transfer,3390.05,Cash,Healthcare
T00128,C0015,2025-03-13,Transfer,2843.96,Net Banking,Food
T00129,C0301,2025-12-18,Purchase,4882.04,Net Banking,Food
T00130,C0065,2024-11-08,Payment,15538.08,UPI,Food
T00131,C0345,2022-01-18,Withdrawal,1669.95,Net Banking,Other
T00132,C0327,2024-02-08,Purchase,1391.05,UPI,Travel
T00133,C0009,2023-08-13,Purchase,5134.01,Cash,Education
T00134,C0344,2025-10-26,Purchase,4686.98,Net Banking,Travel
T00135,C0129,2025-04-13,Transfer,5169.37,Card,Healthcare
T00136,C0492,2024-10-06,Withdrawal,5469.79,Cash,Retail
T00137,C0136,2022-07-13,Withdrawal,3764.13,UPI,Education
T00138,C0472,2023-05-17,Payment,14819.86,Cash,Retail
T00139,C0063,2024-09-14,Withdrawal,1250.26,UPI,Other
T00140,C0139,2025-02-10,Withdrawal,2319.33,Cash,Healthcare
T00141,C0499,2022-04-24,Purchase,4143.22,UPI,Other
T00142,C0081,2025-05-30,Payment,1208.68,Net Banking,Healthcare
T00143,C0392,2024-08-04,Withdrawal,3909.44,Card,Retail
T00144,C0163,2024-04-10,Transfer,17000.68,UPI,Retail
T00145,C0419,2025-07-11,Withdrawal,4575.82,Cash,Retail
T00146,C0289,2024-07-13,Purchase,5412.11,UPI,Healthcare
T00147,C0379,2022-02-24,Transfer,1642.05,UPI,Food
T00148,C0261,2024-03-10,Purchase,2748.32,UPI,Retail
T00149,C0490,2024-02-17,Withdrawal,3333.16,Cash,Other
T00150,C0231,2022-06-11,Transfer,3490.01,Card,Education
T00151,C0041,2025-11-04,Payment,12545.88,Net Banking,Healthcare
T00152,C0028,2022-03-28,Payment,7030.31,Card,Other
T00153,C0135,2022-02-24,Transfer,1849.49,UPI,Travel
T00154,C0201,2025-04-16,Transfer,5480.97,Cash,Travel
T00155,C0328,2025-11-15,Purchase,6703.67,Card,Education
T00156,C0268,2025-10-04,Transfer,11203.17,UPI,Food
T00157,C0418,2024-10-28,Purchase,15934.87,Net Banking,Retail
T00158,C0033,2024-04-12,Withdrawal,1997.71,Net Banking,Healthcare
T00159,C0048,2022-11-09,Purchase,2352.29,Net Banking,Other
T00160,C0407,2024-01-29,Transfer,1645.45,UPI,Retail
T00161,C0062,2023-03-19,Transfer,3731.69,Cash,Other
T00162,C0216,2022-11-24,Withdrawal,6534.95,Card,Healthcare
T00163,C0293,2024-12-13,Transfer,9913.97,Net Banking,Travel
T00164,C0099,2024-01-31,Transfer,4234.72,UPI,Retail
T00165,C0172,2025-06-16,Payment,3484.06,UPI,Education
T00166,C0360,2025-06-06,Payment,5080.88,Card,Food
T00167,C0214,2023-08-02,Withdrawal,2307.03,Net Banking,Education
T00168,C0475,2024-12-10,Purchase,23943.78,UPI,Food
T00169,C0035,2024-10-03,Payment,1243.52,Card,Other
T00170,C0449,2025-07-11,Purchase,5216.73,Cash,Retail
T00171,C0227,2025-12-12,Transfer,22713.57,Cash,Retail
T00172,C0101,2022-04-06,Payment,4524.55,Cash,Food
T00173,C0431,2025-01-16,Withdrawal,3865.33,Net Banking,Travel
T00174,C0462,2025-01-06,Withdrawal,3380.83,Card,Healthcare
T00175,C0131,2025-08-04,Withdrawal,3895.27,Card,Education
T00176,C0257,2025-02-17,Payment,13495.5,UPI,Other
T00177,C0005,2024-03-24,Purchase,766.89,UPI,Education
T00178,C0218,2023-05-06,Transfer,15345.53,UPI,Education
T00179,C0255,2023-03-28,Purchase,1440.39,Card,Other
T00180,C0398,2022-06-14,Purchase,3635.53,UPI,Other
T00181,C0359,2022-07-01,Transfer,3192.11,Card,Retail
T00182,C0283,2023-04-14,Transfer,7206.04,Card,Education
T00183,C0393,2024-06-28,Payment,1253.05,Cash,Healthcare
T00184,C0207,2024-01-05,Payment,6513.1,UPI,Healthcare
T00185,C0015,2024-04-02,Payment,22726.35,Cash,Food
T00186,C0346,2024-08-01,Payment,1512.16,Net Banking,Other
T00187,C0042,2022-01-07,Payment,5237.49,Net Banking,Retail
T00188,C0380,2022-11-26,Transfer,2649.82,Net Banking,Healthcare
T00189,C0461,2024-02-14,Purchase,6326.75,Card,Travel
T00190,C0179,2022-05-31,Payment,4569.46,Card,Retail
T00191,C0063,2025-01-13,Payment,2693.62,Card,Retail
T00192,C0352,2022-05-27,Purchase,6648.39,UPI,Healthcare
T00193,C0231,2025-11-05,Payment,19059.31,Cash,Travel
T00194,C0241,2024-07-03,Purchase,3862.65,Card,Food
T00195,C0052,2025-08-01,Purchase,8003.54,Cash,Healthcare
T00196,C0096,2023-12-01,Transfer,1599.13,Cash,Travel
T00197,C0388,2022-03-23,Withdrawal,2093.69,Cash,Retail
T00198,C0222,2023-05-29,Transfer,6566.64,UPI,Travel
T00199,C0485,2024-03-25,Withdrawal,14751.88,UPI,Retail
T00200,C0407,2023-12-10,Withdrawal,5980.88,Net Banking,Healthcare
T00201,C0231,2024-01-16,Withdrawal,3503.04,Net Banking,Other
T00202,C0237,2024-10-19,Payment,4497.45,Cash,Healthcare
T00203,C0143,2025-11-10,Transfer,1654.92,Net Banking,Education
T00204,C0171,2023-12-08,Withdrawal,7298.65,Cash,Education
T00205,C0029,2023-04-16,Purchase,9115.2,UPI,Education
T00206,C0036,2025-02-16,Payment,3134.3,UPI,Healthcare
T00207,C0013,2023-01-31,Transfer,3089.61,UPI,Food
T00208,C0160,2022-09-18,Withdrawal,5566.58,Card,Healthcare
T00209,C0327,2024-03-15,Purchase,3173.08,Cash,Other
T00210,C0187,2024-07-22,Transfer,4268.11,UPI,Travel
T00211,C0243,2025-07-03,Transfer,24139.63,Cash,Healthcare
T00212,C0086,2024-06-23,Payment,3693.07,Net Banking,Healthcare
T00213,C0284,2025-06-03,Transfer,3378.41,Net Banking,Retail
T00214,C0066,2024-12-12,Payment,2680.61,UPI,Retail
T00215,C0170,2024-07-28,Withdrawal,8161.52,Cash,Retail
T00216,C0045,2024-05-03,Payment,3892.68,UPI,Healthcare
T00217,C0062,2025-10-19,Purchase,2676.68,Net Banking,Food
T00218,C0441,2025-07-27,Payment,12950.32,UPI,Travel
T00219,C0134,2023-08-16,Purchase,14009.84,Cash,Travel
T00220,C0284,2023-12-15,Payment,2783.58,Net Banking,Other
T00221,C0028,2025-03-27,Transfer,1010.9,Card,Food
T00222,C0108,2023-09-24,Withdrawal,10075.31,Net Banking,Food
T00223,C0044,2022-02-28,Purchase,2602.24,Card,Travel
T00224,C0340,2022-05-08,Payment,8470.4,UPI,Education
T00225,C0286,2024-01-06,Payment,930.53,UPI,Retail
T00226,C0446,2023-12-22,Payment,9190.36,Cash,Retail
T00227,C0331,2025-02-12,Transfer,1707.69,Card,Travel
T00228,C0128,2025-05-17,Transfer,8074.32,UPI,Food
T00229,C0348,2023-06-10,Purchase,4551.68,Card,Other
T00230,C0473,2023-06-05,Purchase,2097.88,UPI,Education
T00231,C0231,2023-07-06,Transfer,3249.33,Net Banking,Travel
T00232,C0190,2022-08-25,Purchase,7792.27,UPI,Retail
T00233,C0225,2025-07-28,Withdrawal,4897.83,Cash,Healthcare
T00234,C0385,2025-10-14,Withdrawal,7182.21,Net Banking,Food
T00235,C0377,2025-05-09,Transfer,21872.49,Cash,Healthcare
T00236,C0283,2025-07-25,Purchase,1287.48,Net Banking,Other
T00237,C0446,2025-06-12,Payment,16409.29,Card,Travel
T00238,C0121,2023-05-09,Withdrawal,4891.81,Cash,Retail
T00239,C0116,2022-01-04,Transfer,2192.52,UPI,Education
T00240,C0461,2023-10-28,Purchase,1552.44,Card,Healthcare
T00241,C0233,2023-03-18,Transfer,3868.17,UPI,Education
T00242,C0259,2022-01-29,Payment,9406.47,Net Banking,Other
T00243,C0359,2025-02-06,Withdrawal,4063.47,Net Banking,Retail
T00244,C0198,2023-09-02,Transfer,15074.45,UPI,Healthcare
T00245,C0456,2024-03-15,Transfer,1409.36,UPI,Other
T00246,C0411,2022-03-16,Transfer,4456.69,Card,Education
T00247,C0137,2024-04-17,Payment,1652.29,UPI,Education
T00248,C0318,2025-03-15,Transfer,6019.37,Cash,Healthcare
T00249,C0165,2022-05-08,Payment,9148.48,Cash,Retail
T00250,C0225,2022-02-11,Payment,3213.84,UPI,Education
T00251,C0307,2025-10-11,Payment,560.29,Cash,Travel
T00252,C0234,2022-02-10,Withdrawal,5276.36,UPI,Other
T00253,C0172,2024-07-22,Withdrawal,6381.92,Card,Healthcare
T00254,C0152,2022-02-03,Transfer,6218.4,Cash,Food
T00255,C0463,2024-11-06,Transfer,12093.92,Cash,Food
T00256,C0315,2025-03-22,Withdrawal,1910.25,UPI,Retail
T00257,C0374,2024-09-24,Purchase,7754.32,Cash,Travel
T00258,C0160,2025-11-02,Withdrawal,11682.4,Net Banking,Education
T00259,C0096,2023-08-11,Payment,1084.6,Card,Food
T00260,C0472,2022-12-08,Withdrawal,5811.27,Card,Retail
T00261,C0233,2022-01-27,Payment,3006.37,Cash,Other
T00262,C0180,2025-08-03,Transfer,4215.88,Cash,Travel
T00263,C0113,2023-10-08,Purchase,5943.03,Net Banking,Travel
T00264,C0318,2024-01-01,Transfer,3047.42,Net Banking,Retail
T00265,C0497,2022-06-17,Payment,2620.88,Cash,Retail
T00266,C0442,2023-09-02,Payment,4624.64,Cash,Education
T00267,C0052,2022-09-25,Payment,1885.67,Net Banking,Retail
T00268,C0268,2024-03-31,Purchase,1887.81,UPI,Education
T00269,C0295,2023-03-31,Withdrawal,7749.09,Net Banking,Education
T00270,C0386,2024-06-24,Transfer,1795.07,UPI,Healthcare
T00271,C0387,2025-11-25,Transfer,7668.55,Card,Travel
T00272,C0113,2024-07-10,Withdrawal,6515.28,Card,Other
T00273,C0101,2024-09-07,Transfer,1131.37,Net Banking,Travel
T00274,C0113,2023-12-03,Purchase,2616.99,UPI,Travel
T00275,C0440,2023-09-26,Transfer,11697.38,Net Banking,Healthcare
T00276,C0081,2022-05-10,Payment,2052.68,Net Banking,Education
T00277,C0187,2024-10-16,Withdrawal,3103.57,UPI,Education
T00278,C0113,2025-10-18,Purchase,6512.52,Net Banking,Retail
T00279,C0002,2024-03-29,Withdrawal,8421.52,Card,Healthcare
T00280,C0130,2023-11-24,Purchase,3679.76,Cash,Retail
T00281,C0220,2025-08-08,Payment,2790.08,Cash,Healthcare
T00282,C0054,2025-10-26,Withdrawal,14040.88,Net Banking,Retail
T00283,C0343,2024-03-04,Transfer,18087.07,UPI,Food
T00284,C0485,2022-01-29,Purchase,9846.97,UPI,Travel
T00285,C0224,2022-05-29,Withdrawal,4817.87,Card,Travel
T00286,C0225,2025-08-12,Transfer,2357.18,UPI,Other
T00287,C0385,2022-01-11,Withdrawal,2315.72,UPI,Education
T00288,C0403,2023-11-07,Withdrawal,6835.22,Card,Other
T00289,C0126,2025-02-10,Withdrawal,6288.96,Net Banking,Food
T00290,C0130,2022-07-06,Purchase,13809.49,Cash,Other
T00291,C0053,2024-03-17,Transfer,7571.85,Card,Travel
T00292,C0172,2024-01-14,Payment,1352.04,Net Banking,Education
T00293,C0218,2025-06-04,Purchase,10439.91,Card,Food
T00294,C0160,2025-08-26,Purchase,2025.12,Net Banking,Travel
T00295,C0198,2022-04-08,Purchase,3309.84,Card,Retail
T00296,C0416,2022-02-24,Payment,5497.19,Net Banking,Healthcare
T00297,C0247,2023-09-15,Transfer,22211.53,Card,Food
T00298,C0324,2023-10-26,Transfer,54163.77,Net Banking,Education
T00299,C0439,2024-01-28,Transfer,7311.55,Card,Other
T00300,C0203,2023-02-10,Withdrawal,3886.54,Cash,Other
T00301,C0184,2022-03-10,Withdrawal,6901.11,Cash,Food
T00302,C0123,2025-08-28,Withdrawal,9154.1,UPI,Education
T00303,C0401,2025-08-05,Payment,3481.78,Net Banking,Food
T00304,C0255,2024-01-21,Withdrawal,18920.51,Card,Education
T00305,C0294,2025-03-17,Payment,5409.38,Net Banking,Other
T00306,C0280,2025-06-21,Transfer,6701.1,Cash,Travel
T00307,C0325,2024-08-15,Withdrawal,7666.17,Net Banking,Retail
T00308,C0372,2022-12-31,Withdrawal,6305.02,Card,Travel
T00309,C0098,2023-04-27,Purchase,8804.21,Net Banking,Retail
T00310,C0198,2022-07-20,Payment,2746.36,Card,Other
T00311,C0470,2022-06-03,Transfer,2878.98,Cash,Travel
T00312,C0395,2022-03-14,Purchase,1866.29,Cash,Travel
T00313,C0240,2023-12-14,Purchase,6396.04,Cash,Food
T00314,C0144,2022-10-23,Transfer,8391.56,UPI,Healthcare
T00315,C0097,2024-11-06,Purchase,6490.22,Cash,Other
T00316,C0201,2025-05-25,Payment,17178.72,Net Banking,Education
T00317,C0124,2022-03-02,Payment,4479.9,UPI,Other
T00318,C0187,2024-07-27,Withdrawal,7683.47,Cash,Education
T00319,C0326,2022-02-11,Purchase,1878.96,Net Banking,Education
T00320,C0464,2022-01-25,Withdrawal,3301.57,Net Banking,Retail
T00321,C0349,2024-11-28,Purchase,7849.95,Net Banking,Education
T00322,C0259,2022-05-11,Payment,8876.07,Card,Education
T00323,C0148,2025-06-06,Payment,3556.95,UPI,Food
T00324,C0252,2022-04-18,Payment,4249.49,Net Banking,Travel
T00325,C0443,2022-06-21,Purchase,1336.13,Card,Other
T00326,C0420,2025-12-29,Payment,3381.96,Cash,Other
T00327,C0403,2022-04-12,Purchase,9174.1,Net Banking,Education
T00328,C0346,2024-05-15,Withdrawal,7129.5,Card,Healthcare
T00329,C0451,2023-06-08,Purchase,6716.79,Net Banking,Other
T00330,C0147,2022-10-02,Withdrawal,4682.8,UPI,Education
T00331,C0148,2024-12-03,Purchase,4525.5,UPI,Retail
T00332,C0352,2024-03-27,Withdrawal,2653.34,Cash,Retail
T00333,C0199,2024-08-14,Payment,7870.65,Net Banking,Retail
T00334,C0308,2024-11-06,Withdrawal,6301.93,Card,Education
T00335,C0489,2022-11-26,Payment,6670.48,Cash,Food
T00336,C0417,2022-01-12,Payment,2954.26,Net Banking,Healthcare
T00337,C0424,2025-09-03,Withdrawal,803.65,Cash,Education
T00338,C0128,2022-08-04,Purchase,10824.36,Card,Food
T00339,C0039,2022-12-05,Purchase,3067.94,Cash,Food
T00340,C0338,2023-10-23,Transfer,2256.59,Cash,Other
T00341,C0360,2025-01-09,Purchase,7837.03,Cash,Education
T00342,C0129,2023-01-09,Transfer,3288.62,Net Banking,Education
T00343,C0267,2024-09-02,Purchase,10506.84,Card,Food
T00344,C0476,2023-12-11,Purchase,7371.95,UPI,Food
T00345,C0441,2025-05-08,Payment,7775.15,Net Banking,Food
T00346,C0473,2023-04-11,Transfer,1508.8,UPI,Other
T00347,C0434,2025-01-17,Purchase,11865.47,UPI,Education
T00348,C0151,2025-07-15,Transfer,5546.0,Net Banking,Food
T00349,C0415,2023-05-04,Payment,3348.98,Net Banking,Retail
T00350,C0478,2022-02-16,Payment,5046.97,Card,Education
T00351,C0298,2025-08-04,Transfer,1086.64,Card,Other
T00352,C0099,2024-02-17,Payment,6240.12,Cash,Retail
T00353,C0263,2024-11-05,Withdrawal,1975.02,UPI,Travel
T00354,C0252,2023-12-12,Withdrawal,1524.92,Card,Education
T00355,C0144,2023-02-05,Payment,1331.35,Cash,Travel
T00356,C0346,2024-09-07,Withdrawal,10959.73,Card,Food
T00357,C0112,2025-01-14,Purchase,2720.09,Net Banking,Other
T00358,C0500,2022-09-07,Transfer,15349.14,Card,Food
T00359,C0060,2023-01-26,Purchase,2931.27,UPI,Other
T00360,C0369,2022-12-01,Transfer,1148.19,Card,Healthcare
T00361,C0002,2023-09-21,Payment,1842.01,UPI,Food
T00362,C0385,2022-05-17,Purchase,12094.21,Net Banking,Travel
T00363,C0304,2024-06-01,Payment,3972.35,UPI,Other
T00364,C0254,2023-11-19,Payment,2902.14,Card,Food
T00365,C0140,2024-04-06,Transfer,5114.56,Cash,Education
T00366,C0453,2023-12-28,Transfer,6722.79,Net Banking,Other
T00367,C0037,2023-08-17,Transfer,11001.11,Card,Other
T00368,C0160,2025-05-31,Purchase,14337.48,Net Banking,Food
T00369,C0009,2024-09-16,Withdrawal,3374.55,Net Banking,Healthcare
T00370,C0233,2023-01-07,Transfer,1557.74,Card,Food
T00371,C0099,2024-07-23,Transfer,3232.66,Card,Travel
T00372,C0147,2024-09-21,Purchase,5541.7,Cash,Travel
T00373,C0304,2023-02-06,Transfer,2081.46,Net Banking,Other
T00374,C0208,2023-09-07,Purchase,2092.49,Net Banking,Other
T00375,C0131,2025-07-20,Payment,5924.57,Card,Food
T00376,C0404,2025-03-28,Transfer,4328.22,UPI,Travel
T00377,C0152,2025-03-21,Transfer,4619.63,Card,Travel
T00378,C0054,2024-09-21,Payment,2452.92,Net Banking,Healthcare
T00379,C0120,2023-09-12,Payment,3742.51,Card,Education
T00380,C0161,2022-07-07,Payment,2148.33,Cash,Healthcare
T00381,C0408,2025-01-26,Transfer,9172.74,UPI,Retail
T00382,C0116,2022-05-11,Withdrawal,10301.37,Card,Healthcare
T00383,C0075,2024-03-15,Withdrawal,1027.5,Cash,Food
T00384,C0113,2025-04-09,Withdrawal,2139.28,Net Banking,Education
T00385,C0456,2024-07-24,Transfer,1359.14,Card,Food
T00386,C0420,2024-09-12,Payment,2675.29,Net Banking,Retail
T00387,C0422,2022-07-02,Transfer,4209.43,Cash,Education
T00388,C0104,2024-09-09,Payment,1411.09,Net Banking,Other
T00389,C0340,2022-12-30,Transfer,2152.41,Cash,Travel
T00390,C0254,2022-02-08,Transfer,2015.59,Cash,Healthcare
T00391,C0227,2023-05-12,Payment,5311.59,Cash,Food
T00392,C0112,2025-10-04,Withdrawal,4756.69,Card,Retail
T00393,C0473,2024-09-08,Payment,2526.13,Net Banking,Travel
T00394,C0099,2024-07-09,Purchase,5183.78,Net Banking,Healthcare
T00395,C0153,2025-11-21,Purchase,2905.87,UPI,Travel
T00396,C0349,2023-12-23,Payment,3621.01,UPI,Healthcare
T00397,C0402,2025-03-30,Transfer,17164.43,UPI,Other
T00398,C0384,2022-01-16,Purchase,13150.32,UPI,Education
T00399,C0366,2023-05-08,Purchase,1591.08,Net Banking,Travel
T00400,C0338,2025-12-20,Transfer,8739.59,Cash,Travel
T00401,C0194,2025-02-05,Transfer,8612.33,Cash,Travel
T00402,C0310,2024-06-12,Withdrawal,1795.83,Card,Education
T00403,C0163,2022-11-07,Transfer,8663.33,Cash,Retail
T00404,C0208,2024-01-09,Payment,15400.85,Net Banking,Healthcare
T00405,C0445,2025-04-08,Payment,1833.16,Net Banking,Other
T00406,C0169,2023-06-30,Withdrawal,2159.93,Net Banking,Travel
T00407,C0484,2023-02-18,Purchase,10157.44,Card,Education
T00408,C0161,2022-09-08,Purchase,5591.65,UPI,Retail
T00409,C0068,2024-01-29,Transfer,6995.44,Cash,Healthcare
T00410,C0289,2025-03-10,Payment,5909.43,Net Banking,Education
T00411,C0398,2025-07-21,Purchase,6151.12,Net Banking,Other
T00412,C0277,2025-12-10,Withdrawal,1557.22,UPI,Other
T00413,C0304,2024-11-28,Withdrawal,10401.31,Net Banking,Healthcare
T00414,C0404,2024-03-24,Payment,11470.17,Cash,Travel
T00415,C0384,2022-01-29,Withdrawal,3745.54,Card,Other
T00416,C0392,2024-08-15,Withdrawal,4346.17,Net Banking,Retail
T00417,C0135,2023-04-22,Payment,1322.06,Cash,Education
T00418,C0195,2022-11-14,Transfer,6790.21,Net Banking,Retail
T00419,C0401,2022-09-02,Transfer,7111.57,UPI,Travel
T00420,C0128,2024-01-18,Withdrawal,4281.59,Net Banking,Retail
T00421,C0033,2023-11-28,Transfer,11062.49,Net Banking,Retail
T00422,C0176,2022-09-29,Transfer,3444.63,Card,Food
T00423,C0460,2025-06-16,Withdrawal,7069.3,UPI,Retail
T00424,C0443,2023-01-12,Transfer,1990.42,UPI,Healthcare
T00425,C0371,2022-09-23,Withdrawal,4416.01,Card,Education
T00426,C0470,2024-07-14,Purchase,3914.13,Net Banking,Food
T00427,C0375,2024-07-09,Payment,5388.81,Cash,Education
T00428,C0022,2025-10-14,Payment,3348.31,UPI,Education
T00429,C0238,2022-12-06,Transfer,4050.74,UPI,Travel
T00430,C0158,2023-01-24,Transfer,8713.86,Net Banking,Travel
T00431,C0038,2023-07-31,Transfer,3172.96,Net Banking,Food
T00432,C0230,2022-01-03,Payment,1244.6,UPI,Other
T00433,C0365,2025-12-23,Purchase,18242.33,Net Banking,Travel
T00434,C0051,2025-03-11,Purchase,13588.73,Cash,Travel
T00435,C0438,2023-01-11,Payment,1600.42,UPI,Travel
T00436,C0264,2022-11-20,Purchase,7813.43,Cash,Education
T00437,C0283,2022-05-26,Payment,3009.27,Cash,Food
T00438,C0027,2022-10-20,Purchase,5555.94,Net Banking,Education
T00439,C0226,2023-03-08,Withdrawal,5694.25,Cash,Healthcare
T00440,C0277,2023-12-06,Withdrawal,3730.53,Net Banking,Education
T00441,C0286,2024-08-06,Payment,2403.83,Card,Healthcare
T00442,C0097,2023-08-08,Purchase,2589.97,Net Banking,Retail
T00443,C0284,2023-02-03,Transfer,2162.19,Cash,Retail
T00444,C0367,2024-03-27,Purchase,2313.17,Card,Healthcare
T00445,C0448,2025-09-29,Withdrawal,4264.54,Net Banking,Healthcare
T00446,C0481,2024-08-21,Withdrawal,2538.24,Cash,Education
T00447,C0453,2025-03-09,Purchase,7765.72,UPI,Healthcare
T00448,C0317,2022-07-06,Purchase,14788.86,UPI,Food
T00449,C0304,2022-03-02,Transfer,2829.32,Net Banking,Retail
T00450,C0147,2024-07-27,Transfer,5449.92,Net Banking,Retail
T00451,C0004,2025-11-04,Purchase,6711.52,UPI,Other
T00452,C0035,2023-12-11,Purchase,6564.52,Cash,Healthcare
T00453,C0192,2024-03-17,Purchase,4781.92,Cash,Travel
T00454,C0049,2025-09-04,Purchase,8151.67,Cash,Travel
T00455,C0017,2025-08-18,Payment,6618.55,Net Banking,Healthcare
T00456,C0172,2025-09-29,Purchase,1671.88,Card,Food
T00457,C0220,2022-01-11,Transfer,9019.62,Card,Travel
T00458,C0158,2024-12-21,Withdrawal,9151.43,Card,Other
T00459,C0477,2022-08-14,Payment,2443.54,Card,Healthcare
T00460,C0046,2025-03-22,Purchase,4638.67,Card,Food
T00461,C0373,2023-07-18,Withdrawal,7773.66,Net Banking,Food
T00462,C0006,2024-02-11,Payment,3806.18,Net Banking,Education
T00463,C0099,2025-08-26,Withdrawal,10617.04,Card,Food
T00464,C0380,2024-06-03,Purchase,29819.88,Net Banking,Travel
T00465,C0233,2025-06-20,Purchase,2399.57,Net Banking,Travel
T00466,C0037,2025-10-21,Transfer,1490.69,Card,Healthcare
T00467,C0280,2025-09-15,Purchase,5738.12,Cash,Healthcare
T00468,C0349,2025-02-04,Purchase,8015.1,Net Banking,Food
T00469,C0497,2022-08-14,Payment,3741.12,Cash,Other
T00470,C0302,2024-04-04,Transfer,14392.19,Net Banking,Retail
T00471,C0181,2022-08-06,Payment,1542.17,Net Banking,Education
T00472,C0095,2024-07-25,Withdrawal,7833.52,Card,Retail
T00473,C0099,2024-01-23,Purchase,2771.5,Net Banking,Food
T00474,C0188,2023-05-21,Withdrawal,17806.79,UPI,Food
T00475,C0481,2022-09-16,Payment,22155.59,UPI,Retail
T00476,C0116,2022-02-23,Purchase,2436.96,Card,Education
T00477,C0191,2024-12-06,Purchase,2899.19,Cash,Retail
T00478,C0253,2023-12-28,Payment,8950.84,Cash,Healthcare
T00479,C0469,2023-11-20,Payment,3301.49,Cash,Travel
T00480,C0416,2025-01-27,Payment,4339.45,UPI,Other
T00481,C0471,2024-11-09,Payment,4592.33,Cash,Healthcare
T00482,C0161,2023-02-23,Payment,968.83,Cash,Travel
T00483,C0256,2023-11-21,Purchase,4450.46,Card,Other
T00484,C0323,2024-04-29,Payment,2591.65,Cash,Other
T00485,C0128,2022-03-03,Purchase,3033.08,UPI,Other
T00486,C0018,2025-03-14,Purchase,14281.76,UPI,Food
T00487,C0281,2022-08-04,Payment,1646.86,UPI,Other
T00488,C0490,2022-01-03,Payment,8624.8,Card,Education
T00489,C0223,2022-06-09,Transfer,3599.9,Card,Retail
T00490,C0054,2024-02-20,Purchase,3597.61,Net Banking,Education
T00491,C0058,2025-02-17,Payment,8468.68,Cash,Retail
T00492,C0323,2024-06-11,Payment,5906.88,Card,Healthcare
T00493,C0360,2025-01-17,Payment,7103.36,UPI,Healthcare
T00494,C0174,2022-11-25,Transfer,9763.25,UPI,Retail
T00495,C0280,2023-08-03,Transfer,3452.27,Card,Education
T00496,C0114,2025-10-12,Withdrawal,2757.4,Card,Retail
T00497,C0288,2025-07-14,Purchase,1888.83,Card,Other
T00498,C0431,2024-08-09,Withdrawal,2325.07,Net Banking,Food
T00499,C0342,2025-09-08,Payment,47624.77,UPI,Healthcare
T00500,C0151,2023-09-27,Transfer,12180.31,Net Banking,Food
T00501,C0450,2024-09-14,Transfer,1526.87,Net Banking,Other
T00502,C0127,2025-05-03,Withdrawal,1562.22,Cash,Other
T00503,C0155,2024-07-09,Transfer,6616.52,UPI,Healthcare
T00504,C0490,2024-01-08,Payment,6971.91,UPI,Healthcare
T00505,C0386,2025-09-17,Transfer,6980.95,Card,Other
T00506,C0474,2022-06-19,Withdrawal,3669.71,Card,Travel
T00507,C0273,2023-06-05,Payment,4070.29,Cash,Food
T00508,C0104,2022-02-09,Withdrawal,5849.65,Net Banking,Food
T00509,C0417,2025-07-08,Transfer,4820.09,Card,Travel
T00510,C0393,2025-11-19,Withdrawal,762.34,Card,Education
T00511,C0299,2024-08-12,Withdrawal,3744.31,UPI,Food
T00512,C0246,2025-06-03,Purchase,2277.21,UPI,Retail
T00513,C0176,2024-09-10,Transfer,5177.11,Card,Other
T00514,C0039,2025-02-21,Transfer,49022.76,UPI,Other
T00515,C0477,2024-09-01,Withdrawal,6037.94,Cash,Travel
T00516,C0170,2022-02-07,Purchase,3501.72,Card,Food
T00517,C0247,2022-11-24,Transfer,9407.61,UPI,Education
T00518,C0026,2025-06-28,Payment,6620.88,Cash,Food
T00519,C0355,2025-04-14,Withdrawal,6297.5,UPI,Other
T00520,C0306,2024-07-02,Transfer,7312.3,UPI,Healthcare
T00521,C0409,2023-03-30,Payment,23320.02,UPI,Retail
T00522,C0408,2022-02-06,Transfer,1820.97,Card,Travel
T00523,C0013,2025-09-01,Payment,6573.08,Net Banking,Healthcare
T00524,C0316,2024-08-30,Withdrawal,2144.64,UPI,Education
T00525,C0391,2024-03-06,Transfer,7018.06,Cash,Healthcare
T00526,C0313,2024-08-30,Transfer,2157.88,Card,Healthcare
T00527,C0036,2023-08-16,Purchase,3222.59,Card,Education
T00528,C0173,2025-02-11,Withdrawal,3553.76,Cash,Healthcare
T00529,C0020,2024-11-29,Payment,9823.04,UPI,Travel
T00530,C0321,2025-08-17,Transfer,9382.45,Net Banking,Other
T00531,C0264,2022-08-12,Transfer,1661.14,UPI,Food
T00532,C0494,2022-11-14,Payment,4702.17,Cash,Healthcare
T00533,C0400,2022-12-15,Withdrawal,2550.82,Card,Travel
T00534,C0142,2022-04-25,Purchase,1644.23,Net Banking,Food
T00535,C0460,2023-11-29,Purchase,3782.8,Card,Food
T00536,C0371,2025-09-08,Transfer,3515.88,Cash,Healthcare
T00537,C0471,2024-11-29,Payment,31357.41,UPI,Travel
T00538,C0143,2022-02-09,Transfer,6362.65,Net Banking,Other
T00539,C0092,2025-08-05,Payment,1494.79,Card,Healthcare
T00540,C0354,2025-07-09,Purchase,2864.11,Card,Education
T00541,C0322,2022-08-04,Withdrawal,10187.73,Card,Food
T00542,C0288,2025-03-16,Payment,23922.79,UPI,Healthcare
T00543,C0215,2022-12-02,Purchase,1265.28,Net Banking,Food
T00544,C0447,2025-04-06,Transfer,1000.14,UPI,Travel
T00545,C0342,2022-04-02,Payment,20102.61,UPI,Retail
T00546,C0051,2022-12-19,Withdrawal,6145.8,UPI,Healthcare
T00547,C0153,2023-07-25,Transfer,2246.66,Cash,Other
T00548,C0186,2024-03-26,Transfer,6901.79,Cash,Healthcare
T00549,C0063,2024-02-20,Purchase,546.34,Cash,Food
T00550,C0190,2022-12-29,Payment,4512.17,Net Banking,Travel
T00551,C0125,2023-07-11,Transfer,5849.37,UPI,Education
T00552,C0150,2025-09-30,Withdrawal,9426.2,UPI,Other
T00553,C0314,2025-04-08,Payment,1999.63,Cash,Travel
T00554,C0058,2022-12-22,Withdrawal,4819.29,UPI,Healthcare
T00555,C0342,2022-07-10,Transfer,2146.28,UPI,Education
T00556,C0305,2023-02-26,Withdrawal,5520.04,Card,Travel
T00557,C0180,2023-12-01,Purchase,2198.56,UPI,Retail
T00558,C0170,2022-01-07,Withdrawal,3246.56,Card,Other
T00559,C0326,2022-05-13,Payment,2028.76,UPI,Food
T00560,C0271,2023-07-11,Withdrawal,7576.01,Net Banking,Travel
T00561,C0054,2024-04-05,Withdrawal,8942.71,Cash,Travel
T00562,C0491,2024-01-31,Purchase,3729.9,Card,Retail
T00563,C0444,2024-11-20,Withdrawal,4639.78,Cash,Healthcare
T00564,C0101,2023-06-19,Withdrawal,1412.28,Card,Other
T00565,C0481,2023-03-02,Transfer,3540.74,Card,Other
T00566,C0264,2025-11-18,Transfer,4322.84,Card,Food
T00567,C0053,2023-11-03,Payment,36624.3,Net Banking,Travel
T00568,C0060,2022-12-29,Transfer,1848.74,UPI,Education
T00569,C0492,2025-12-31,Transfer,14518.43,Card,Travel
T00570,C0108,2022-03-23,Transfer,9989.8,Net Banking,Food
T00571,C0005,2022-12-22,Transfer,5632.69,Card,Travel
T00572,C0103,2025-07-05,Purchase,18374.68,UPI,Retail
T00573,C0196,2023-08-12,Transfer,6060.31,Card,Travel
T00574,C0262,2022-10-22,Purchase,6143.56,Net Banking,Travel
T00575,C0365,2025-06-01,Purchase,4312.77,UPI,Education
T00576,C0480,2024-12-05,Transfer,11976.33,Net Banking,Retail
T00577,C0372,2025-02-10,Withdrawal,10818.45,UPI,Retail
T00578,C0350,2025-06-10,Purchase,2727.91,UPI,Travel
T00579,C0047,2022-01-17,Withdrawal,1566.24,Cash,Other
T00580,C0355,2022-12-26,Withdrawal,3825.51,Cash,Education
T00581,C0311,2025-05-31,Transfer,2372.74,Cash,Travel
T00582,C0424,2024-05-15,Payment,4277.03,UPI,Travel
T00583,C0308,2023-12-01,Transfer,12109.96,Card,Food
T00584,C0144,2023-03-24,Payment,3121.26,Net Banking,Food
T00585,C0269,2024-05-05,Payment,4348.45,Net Banking,Other
T00586,C0370,2022-12-31,Transfer,4713.81,Net Banking,Education
T00587,C0124,2023-11-06,Transfer,8871.31,Cash,Healthcare
T00588,C0106,2024-10-04,Payment,745.7,UPI,Food
T00589,C0158,2025-09-11,Transfer,2769.64,Cash,Healthcare
T00590,C0147,2023-04-12,Payment,5328.68,Card,Retail
T00591,C0145,2023-02-18,Withdrawal,11753.38,UPI,Food
T00592,C0120,2023-08-09,Transfer,3036.04,Net Banking,Food
T00593,C0319,2025-06-10,Withdrawal,1002.84,Cash,Education
T00594,C0275,2025-06-01,Purchase,7387.92,Cash,Other
T00595,C0092,2024-09-20,Withdrawal,2706.86,Card,Healthcare
T00596,C0058,2025-12-06,Withdrawal,1737.32,Card,Food
T00597,C0439,2023-07-26,Payment,2730.82,Cash,Food
T00598,C0346,2022-12-01,Withdrawal,3882.41,Card,Education
T00599,C0229,2025-05-30,Transfer,2773.98,Net Banking,Education
T00600,C0474,2022-02-06,Payment,770.76,Card,Other
T00601,C0117,2024-09-15,Purchase,9223.28,Card,Healthcare
T00602,C0318,2022-10-05,Transfer,12478.13,Cash,Retail
T00603,C0279,2025-05-04,Purchase,7578.35,Cash,Other
T00604,C0127,2024-07-04,Withdrawal,1811.09,UPI,Retail
T00605,C0393,2023-04-29,Transfer,3830.07,UPI,Travel
T00606,C0396,2025-06-19,Transfer,4476.58,Cash,Food
T00607,C0129,2025-09-09,Purchase,7265.32,Card,Healthcare
T00608,C0058,2024-01-01,Transfer,7681.0,Card,Other
T00609,C0122,2022-07-11,Transfer,2501.12,UPI,Food
T00610,C0001,2024-11-06,Transfer,4805.08,UPI,Healthcare
T00611,C0239,2023-06-08,Withdrawal,6487.66,UPI,Healthcare
T00612,C0290,2024-07-06,Purchase,14421.72,Net Banking,Healthcare
T00613,C0096,2023-02-05,Transfer,7906.48,Net Banking,Food
T00614,C0126,2024-06-04,Payment,8459.78,UPI,Other
T00615,C0118,2023-12-06,Payment,4812.12,Card,Education
T00616,C0048,2022-01-22,Payment,13907.73,UPI,Food
T00617,C0089,2023-04-19,Payment,6245.67,Net Banking,Healthcare
T00618,C0488,2025-02-17,Withdrawal,2259.64,Card,Other
T00619,C0237,2022-07-29,Transfer,13829.08,Net Banking,Travel
T00620,C0373,2022-11-02,Purchase,7864.82,Card,Retail
T00621,C0385,2025-07-17,Transfer,3157.06,Net Banking,Healthcare
T00622,C0272,2023-12-05,Withdrawal,3066.33,Card,Travel
T00623,C0189,2023-11-18,Payment,5704.97,Card,Education
T00624,C0487,2022-10-12,Withdrawal,6518.38,Card,Healthcare
T00625,C0192,2023-12-17,Transfer,5269.37,Card,Travel
T00626,C0447,2024-02-02,Purchase,5772.61,Cash,Healthcare
T00627,C0069,2025-06-04,Withdrawal,17532.27,Net Banking,Food
T00628,C0278,2024-08-05,Purchase,10604.86,Net Banking,Other
T00629,C0349,2023-01-16,Withdrawal,5241.39,Cash,Travel
T00630,C0247,2023-04-05,Purchase,9555.59,Card,Other
T00631,C0451,2024-10-27,Purchase,1970.05,Card,Food
T00632,C0076,2022-01-29,Payment,6186.81,Net Banking,Food
T00633,C0154,2024-06-25,Purchase,19135.06,Cash,Other
T00634,C0144,2024-11-22,Payment,3779.69,Card,Travel
T00635,C0435,2024-05-28,Transfer,2284.1,Card,Other
T00636,C0485,2022-03-20,Transfer,2670.88,Card,Other
T00637,C0086,2024-08-04,Payment,1882.07,UPI,Retail
T00638,C0185,2023-04-04,Payment,2401.92,Cash,Travel
T00639,C0285,2023-07-24,Withdrawal,3345.68,Card,Retail
T00640,C0462,2025-12-24,Withdrawal,1461.73,UPI,Healthcare
T00641,C0220,2024-01-08,Withdrawal,4556.58,Cash,Other
T00642,C0069,2025-08-01,Transfer,9261.81,Card,Healthcare
T00643,C0047,2023-05-31,Withdrawal,2176.84,Net Banking,Travel
T00644,C0497,2025-01-27,Purchase,15172.8,UPI,Other
T00645,C0094,2023-02-01,Purchase,6771.42,UPI,Healthcare
T00646,C0238,2022-02-08,Withdrawal,10262.97,Card,Education
T00647,C0446,2025-07-18,Purchase,2658.63,Card,Food
T00648,C0500,2024-06-05,Transfer,8914.66,UPI,Other
T00649,C0453,2024-03-07,Purchase,1878.61,Net Banking,Food
T00650,C0204,2022-06-06,Transfer,9173.1,Net Banking,Retail
T00651,C0400,2025-01-03,Payment,5163.16,Cash,Healthcare
T00652,C0218,2024-06-02,Payment,7005.38,Card,Retail
T00653,C0474,2025-02-27,Payment,1756.99,Net Banking,Other
T00654,C0432,2024-08-31,Payment,2199.04,Cash,Food
T00655,C0341,2025-01-12,Purchase,7256.23,Net Banking,Food
T00656,C0039,2024-11-11,Withdrawal,2107.28,Card,Healthcare
T00657,C0100,2024-04-28,Purchase,6518.49,Cash,Other
T00658,C0289,2025-11-06,Transfer,1507.37,Cash,Education
T00659,C0254,2024-01-18,Purchase,8869.49,Cash,Education
T00660,C0222,2024-09-15,Purchase,1678.77,Net Banking,Healthcare
T00661,C0357,2022-01-21,Transfer,7000.05,Card,Other
T00662,C0023,2022-10-30,Payment,7422.99,Cash,Healthcare
T00663,C0250,2024-05-18,Payment,2577.09,UPI,Other
T00664,C0010,2022-03-25,Payment,7168.52,Card,Retail
T00665,C0246,2025-11-11,Withdrawal,5542.42,UPI,Healthcare
T00666,C0325,2025-07-04,Transfer,2924.15,UPI,Other
T00667,C0100,2023-07-24,Transfer,2008.19,Cash,Education
T00668,C0290,2024-07-22,Purchase,936.11,Cash,Other
T00669,C0180,2025-03-31,Withdrawal,5952.42,Net Banking,Other
T00670,C0223,2025-04-01,Payment,1286.9,Net Banking,Healthcare
T00671,C0394,2024-10-05,Withdrawal,4856.67,Net Banking,Retail
T00672,C0250,2024-03-03,Transfer,3644.86,Card,Retail
T00673,C0147,2024-03-02,Transfer,7747.67,Net Banking,Retail
T00674,C0442,2025-07-18,Purchase,3534.04,UPI,Retail
T00675,C0096,2023-05-07,Purchase,3457.41,Net Banking,Travel
T00676,C0257,2022-07-27,Transfer,8081.47,Cash,Healthcare
T00677,C0325,2024-12-19,Payment,5883.34,Net Banking,Food
T00678,C0493,2023-03-06,Payment,5795.04,Card,Healthcare
T00679,C0004,2024-09-11,Withdrawal,6550.17,Card,Travel
T00680,C0016,2025-08-25,Transfer,1317.35,UPI,Retail
T00681,C0280,2023-06-04,Transfer,8244.19,Card,Travel
T00682,C0336,2023-08-14,Payment,7345.24,Net Banking,Education
T00683,C0247,2024-11-16,Payment,1995.17,Cash,Education
T00684,C0258,2022-07-18,Transfer,3701.78,Card,Healthcare
T00685,C0497,2023-01-22,Purchase,4360.7,UPI,Healthcare
T00686,C0476,2022-12-15,Transfer,4040.95,Net Banking,Food
T00687,C0384,2024-08-17,Transfer,5877.7,UPI,Food
T00688,C0160,2023-11-24,Payment,14142.31,Card,Education
T00689,C0475,2023-01-13,Payment,10691.95,Card,Retail
T00690,C0340,2024-06-17,Purchase,1575.07,UPI,Travel
T00691,C0152,2024-07-04,Purchase,7401.88,Net Banking,Food
T00692,C0396,2023-06-11,Withdrawal,13029.6,Card,Other
T00693,C0178,2025-03-22,Transfer,6132.02,Cash,Food
T00694,C0163,2024-01-04,Payment,10771.05,Card,Retail
T00695,C0380,2022-07-25,Purchase,22508.52,Net Banking,Retail
T00696,C0033,2023-03-31,Withdrawal,10206.71,Card,Healthcare
T00697,C0417,2025-07-20,Withdrawal,5493.27,UPI,Travel
T00698,C0445,2025-06-13,Payment,10382.77,Card,Retail
T00699,C0179,2023-06-05,Payment,5053.03,Card,Food
T00700,C0427,2024-10-13,Withdrawal,4586.88,Net Banking,Food
T00701,C0101,2024-08-13,Purchase,3397.18,UPI,Education
T00702,C0268,2023-12-27,Withdrawal,15718.02,Net Banking,Retail
T00703,C0323,2024-10-10,Transfer,2338.09,Card,Other
T00704,C0065,2023-05-16,Transfer,15332.45,Cash,Healthcare
T00705,C0417,2022-04-27,Payment,6712.48,Card,Travel
T00706,C0168,2023-01-21,Purchase,1469.07,Net Banking,Other
T00707,C0330,2025-09-29,Purchase,6038.75,Cash,Healthcare
T00708,C0043,2023-08-07,Transfer,838.67,Net Banking,Food
T00709,C0044,2023-01-30,Withdrawal,7422.26,Net Banking,Other
T00710,C0285,2024-12-23,Payment,9136.36,UPI,Healthcare
T00711,C0397,2023-12-22,Withdrawal,2801.61,Cash,Food
T00712,C0012,2022-03-13,Withdrawal,4967.49,Card,Food
T00713,C0095,2022-10-01,Withdrawal,21486.04,Net Banking,Food
T00714,C0302,2025-09-05,Purchase,3002.6,Card,Food
T00715,C0386,2022-12-04,Transfer,1928.9,UPI,Food
T00716,C0253,2025-10-21,Purchase,14722.96,UPI,Education
T00717,C0499,2023-08-30,Transfer,21631.43,Cash,Other
T00718,C0242,2022-06-15,Payment,4513.32,UPI,Healthcare
T00719,C0035,2022-01-11,Payment,10107.2,UPI,Education
T00720,C0215,2025-08-17,Withdrawal,13161.0,Card,Education
T00721,C0337,2023-12-30,Transfer,2484.55,UPI,Retail
T00722,C0090,2024-03-11,Transfer,3052.11,UPI,Retail
T00723,C0264,2022-04-12,Transfer,12046.53,Net Banking,Retail
T00724,C0093,2025-12-19,Withdrawal,17323.93,UPI,Travel
T00725,C0410,2025-11-16,Withdrawal,7059.56,Net Banking,Retail
T00726,C0458,2024-02-18,Payment,2226.04,UPI,Healthcare
T00727,C0090,2022-08-02,Purchase,22059.12,UPI,Education
T00728,C0418,2025-01-16,Transfer,2942.62,Cash,Healthcare
T00729,C0115,2023-02-05,Transfer,3441.71,Cash,Other
T00730,C0105,2023-08-11,Purchase,5917.7,Net Banking,Retail
T00731,C0391,2024-06-07,Transfer,15602.1,UPI,Travel
T00732,C0196,2024-12-05,Withdrawal,8910.75,Card,Other
T00733,C0314,2023-08-15,Withdrawal,6271.21,Cash,Travel
T00734,C0114,2025-08-26,Transfer,6518.92,Card,Other
T00735,C0493,2025-01-14,Withdrawal,4659.41,Cash,Education
T00736,C0075,2022-04-02,Withdrawal,7032.83,Cash,Healthcare
T00737,C0413,2023-11-04,Transfer,594.78,UPI,Food
T00738,C0376,2023-12-15,Payment,3549.45,Cash,Healthcare
T00739,C0420,2024-07-24,Purchase,5458.29,Card,Retail
T00740,C0217,2022-08-30,Withdrawal,1791.88,Cash,Food
T00741,C0277,2022-01-02,Payment,6129.64,Net Banking,Travel
T00742,C0249,2022-08-13,Withdrawal,3820.96,UPI,Education
T00743,C0164,2024-03-11,Withdrawal,18328.51,UPI,Education
T00744,C0394,2023-08-12,Purchase,15839.28,Net Banking,Travel
T00745,C0357,2022-04-26,Withdrawal,3100.1,Net Banking,Retail
T00746,C0457,2024-07-06,Purchase,3988.47,Net Banking,Travel
T00747,C0408,2025-01-31,Purchase,4241.51,Cash,Other
T00748,C0192,2022-07-13,Purchase,3135.38,UPI,Retail
T00749,C0227,2025-04-04,Payment,5259.82,Net Banking,Food
T00750,C0177,2024-05-20,Transfer,2453.34,Cash,Travel
T00751,C0099,2022-03-31,Payment,1821.36,Net Banking,Retail
T00752,C0496,2022-05-02,Transfer,7405.67,Card,Food
T00753,C0036,2022-05-23,Transfer,7446.18,Card,Travel
T00754,C0466,2024-09-20,Purchase,2364.64,UPI,Education
T00755,C0497,2022-04-16,Withdrawal,9210.66,Cash,Travel
T00756,C0487,2024-06-05,Purchase,2715.06,Card,Healthcare
T00757,C0096,2023-03-04,Withdrawal,5510.25,Card,Travel
T00758,C0152,2025-08-21,Transfer,8674.2,Cash,Healthcare
T00759,C0151,2022-11-13,Purchase,4380.61,Net Banking,Food
T00760,C0190,2023-09-27,Withdrawal,6474.49,Cash,Travel
T00761,C0224,2022-01-09,Payment,2977.05,Net Banking,Food
T00762,C0037,2024-02-13,Withdrawal,3845.5,Card,Food
T00763,C0268,2025-01-01,Purchase,3816.71,Card,Retail
T00764,C0369,2025-10-14,Payment,2476.42,Card,Food
T00765,C0183,2022-08-11,Withdrawal,3906.56,UPI,Food
T00766,C0013,2025-12-10,Withdrawal,1303.67,UPI,Travel
T00767,C0279,2023-07-07,Withdrawal,3037.86,UPI,Travel
T00768,C0217,2025-10-25,Withdrawal,3582.92,Cash,Education
T00769,C0355,2023-12-17,Withdrawal,3666.12,Card,Retail
T00770,C0361,2025-07-11,Payment,3709.43,Card,Food
T00771,C0286,2025-09-03,Transfer,4283.05,Cash,Retail
T00772,C0273,2025-01-12,Payment,6603.7,UPI,Healthcare
T00773,C0369,2025-09-03,Payment,9058.39,Cash,Food
T00774,C0062,2022-04-21,Payment,2675.84,UPI,Retail
T00775,C0084,2022-09-08,Transfer,1718.61,Card,Education
T00776,C0368,2023-01-18,Purchase,1955.1,Net Banking,Education
T00777,C0217,2022-01-07,Transfer,3047.48,UPI,Food
T00778,C0342,2023-04-04,Payment,3395.8,Card,Healthcare
T00779,C0397,2025-01-12,Withdrawal,2430.46,Card,Education
T00780,C0187,2022-07-27,Withdrawal,1595.5,Net Banking,Education
T00781,C0019,2024-06-18,Payment,3124.21,Card,Healthcare
T00782,C0177,2025-11-14,Withdrawal,5202.91,Card,Retail
T00783,C0100,2025-08-30,Payment,7243.47,UPI,Education
T00784,C0396,2022-01-22,Withdrawal,2881.0,UPI,Travel
T00785,C0445,2023-02-14,Transfer,3233.87,Net Banking,Other
T00786,C0233,2024-06-13,Purchase,2144.1,Net Banking,Other
T00787,C0403,2023-05-30,Purchase,4388.23,Card,Education
T00788,C0076,2025-02-24,Transfer,2282.64,UPI,Retail
T00789,C0265,2024-03-19,Transfer,7117.66,Net Banking,Retail
T00790,C0455,2024-05-23,Payment,1078.3,Net Banking,Food
T00791,C0284,2022-01-14,Payment,3374.93,Cash,Travel
T00792,C0206,2024-08-28,Payment,5725.69,Net Banking,Retail
T00793,C0223,2024-09-04,Withdrawal,5212.95,Card,Healthcare
T00794,C0384,2024-10-10,Payment,38803.26,UPI,Travel
T00795,C0052,2024-11-01,Transfer,5953.13,Net Banking,Other
T00796,C0339,2022-03-28,Purchase,2015.43,Cash,Travel
T00797,C0367,2024-06-27,Withdrawal,4169.12,UPI,Healthcare
T00798,C0144,2025-08-17,Payment,1086.63,Net Banking,Education
T00799,C0373,2025-06-20,Withdrawal,4219.0,Cash,Healthcare
T00800,C0069,2022-05-02,Withdrawal,2310.89,Net Banking,Healthcare
T00801,C0099,2025-03-16,Payment,9359.48,UPI,Education
T00802,C0396,2024-01-20,Withdrawal,2899.23,UPI,Education
T00803,C0025,2025-10-11,Purchase,4098.68,UPI,Education
T00804,C0436,2023-11-16,Transfer,2706.43,Card,Education
T00805,C0379,2022-11-05,Transfer,18086.37,Net Banking,Education
T00806,C0469,2023-11-26,Purchase,3480.18,Card,Healthcare
T00807,C0484,2022-10-15,Withdrawal,19494.32,UPI,Food
T00808,C0053,2022-11-03,Payment,8631.33,Cash,Food
T00809,C0151,2024-07-02,Withdrawal,6617.59,Net Banking,Retail
T00810,C0144,2023-10-24,Purchase,6043.99,Card,Food
T00811,C0057,2023-07-03,Withdrawal,6166.4,Net Banking,Other
T00812,C0039,2025-10-07,Transfer,962.65,Cash,Food
T00813,C0109,2022-11-08,Withdrawal,3600.13,Card,Healthcare
T00814,C0181,2024-05-22,Purchase,8848.11,UPI,Education
T00815,C0042,2024-12-18,Transfer,4327.37,Card,Education
T00816,C0186,2024-07-12,Withdrawal,1462.18,Net Banking,Healthcare
T00817,C0423,2024-01-25,Withdrawal,4315.24,Net Banking,Other
T00818,C0398,2022-02-04,Transfer,17590.55,Net Banking,Food
T00819,C0223,2023-03-21,Payment,12201.89,Net Banking,Healthcare
T00820,C0122,2022-04-03,Transfer,4282.23,UPI,Retail
T00821,C0133,2025-05-15,Payment,9633.41,Card,Education
T00822,C0163,2022-12-19,Purchase,3356.41,UPI,Travel
T00823,C0215,2024-06-21,Purchase,1151.4,UPI,Retail
T00824,C0221,2025-09-17,Transfer,2147.93,UPI,Other
T00825,C0235,2024-05-11,Transfer,15711.43,Net Banking,Retail
T00826,C0331,2022-06-08,Purchase,3614.24,Net Banking,Healthcare
T00827,C0146,2024-08-14,Payment,3703.84,Net Banking,Food
T00828,C0239,2022-01-24,Purchase,3540.28,Card,Education
T00829,C0076,2023-02-08,Transfer,20643.21,Cash,Other
T00830,C0009,2024-03-15,Purchase,16524.51,Net Banking,Other
T00831,C0074,2023-05-31,Transfer,26551.91,Card,Travel
T00832,C0442,2024-01-02,Transfer,3962.37,Net Banking,Retail
T00833,C0492,2025-10-19,Purchase,5700.63,Net Banking,Travel
T00834,C0401,2025-11-06,Payment,1337.45,UPI,Food
T00835,C0253,2023-06-16,Withdrawal,14667.36,UPI,Food
T00836,C0230,2024-08-13,Purchase,1768.01,UPI,Travel
T00837,C0007,2022-06-01,Withdrawal,5352.15,Card,Education
T00838,C0174,2024-08-04,Purchase,1870.56,Cash,Food
T00839,C0141,2023-08-31,Withdrawal,2809.44,Cash,Travel
T00840,C0168,2023-02-24,Payment,2303.13,Card,Retail
T00841,C0170,2025-06-27,Payment,2767.04,Net Banking,Travel
T00842,C0393,2025-02-14,Purchase,2923.49,Card,Travel
T00843,C0434,2024-05-15,Transfer,2902.18,Net Banking,Healthcare
T00844,C0283,2023-08-01,Withdrawal,8764.81,Card,Food
T00845,C0122,2022-12-01,Transfer,1859.28,Card,Education
T00846,C0194,2025-12-12,Transfer,5368.3,Card,Education
T00847,C0005,2024-07-20,Transfer,11922.71,Cash,Healthcare
T00848,C0029,2022-10-22,Payment,2984.76,UPI,Other
T00849,C0165,2024-01-25,Purchase,2533.86,Card,Education
T00850,C0422,2025-10-26,Purchase,3742.14,Cash,Travel
T00851,C0339,2022-07-05,Payment,11563.55,UPI,Healthcare
T00852,C0136,2025-06-23,Payment,5255.96,UPI,Retail
T00853,C0496,2023-09-29,Purchase,2942.05,Card,Food
T00854,C0365,2025-07-15,Transfer,6627.18,Net Banking,Food
T00855,C0321,2025-06-14,Withdrawal,1863.1,Net Banking,Food
T00856,C0342,2023-06-14,Withdrawal,7761.42,Net Banking,Travel
T00857,C0500,2022-01-21,Withdrawal,6239.89,Card,Retail
T00858,C0145,2024-06-29,Transfer,3517.78,Net Banking,Healthcare
T00859,C0327,2024-05-16,Purchase,2300.69,Cash,Healthcare
T00860,C0217,2024-03-04,Payment,2213.85,Cash,Food
T00861,C0301,2022-04-10,Purchase,6902.83,Cash,Retail
T00862,C0132,2024-01-22,Transfer,12028.3,Cash,Retail
T00863,C0292,2023-04-23,Payment,2702.65,UPI,Retail
T00864,C0070,2025-08-14,Transfer,6493.4,Cash,Education
T00865,C0252,2024-07-28,Withdrawal,847.43,Net Banking,Education
T00866,C0415,2023-06-10,Withdrawal,2819.0,Card,Food
T00867,C0275,2022-11-30,Transfer,4389.57,Net Banking,Retail
T00868,C0445,2022-01-02,Payment,2173.48,Cash,Other
T00869,C0364,2023-01-10,Payment,2127.34,UPI,Retail
T00870,C0182,2022-10-20,Purchase,2637.56,Cash,Healthcare
T00871,C0167,2024-04-16,Withdrawal,5685.0,Card,Healthcare
T00872,C0091,2024-10-01,Purchase,3873.72,Net Banking,Food
T00873,C0202,2023-07-07,Purchase,750.88,Card,Other
T00874,C0346,2022-11-14,Transfer,824.91,Card,Retail
T00875,C0019,2023-01-16,Transfer,2769.27,Card,Other
T00876,C0039,2022-01-14,Purchase,6489.77,Net Banking,Food
T00877,C0126,2023-05-19,Withdrawal,499.61,Cash,Healthcare
T00878,C0451,2022-08-19,Transfer,3017.09,Card,Healthcare
T00879,C0173,2025-01-12,Purchase,2953.76,Net Banking,Education
T00880,C0141,2022-05-10,Purchase,13663.77,UPI,Food
T00881,C0242,2024-04-17,Purchase,3307.06,Net Banking,Food
T00882,C0220,2025-03-14,Purchase,6113.31,UPI,Retail
T00883,C0126,2024-06-09,Purchase,5038.37,Net Banking,Retail
T00884,C0058,2022-01-28,Purchase,818.42,Cash,Education
T00885,C0148,2022-03-07,Transfer,8319.84,Card,Travel
T00886,C0476,2025-04-01,Withdrawal,5346.25,Cash,Other
T00887,C0456,2025-06-06,Purchase,6757.77,Net Banking,Travel
T00888,C0317,2022-09-18,Payment,104070.4,Card,Travel
T00889,C0383,2025-12-18,Transfer,849.41,UPI,Food
T00890,C0361,2023-04-05,Transfer,17882.72,Net Banking,Other
T00891,C0423,2022-10-28,Purchase,3575.55,Card,Food
T00892,C0001,2024-07-07,Transfer,5662.92,UPI,Other
T00893,C0387,2025-08-19,Purchase,4339.1,UPI,Healthcare
T00894,C0461,2022-10-14,Withdrawal,3204.92,Cash,Food
T00895,C0348,2025-11-19,Withdrawal,2852.54,Net Banking,Food
T00896,C0190,2024-10-30,Transfer,5857.27,UPI,Food
T00897,C0191,2023-09-22,Transfer,1336.88,Card,Education
T00898,C0369,2022-09-27,Payment,8203.33,UPI,Food
T00899,C0409,2023-08-15,Transfer,3225.61,UPI,Retail
T00900,C0312,2024-04-23,Payment,1822.16,Cash,Retail
T00901,C0417,2024-05-11,Withdrawal,3139.51,Cash,Other
T00902,C0422,2025-10-16,Withdrawal,12302.43,Card,Healthcare
T00903,C0117,2025-07-04,Purchase,2932.37,Cash,Education
T00904,C0134,2022-05-13,Withdrawal,5994.49,UPI,Other
T00905,C0058,2025-07-23,Payment,2507.57,UPI,Retail
T00906,C0044,2024-08-29,Transfer,8251.66,Cash,Education
T00907,C0173,2023-05-28,Purchase,7787.22,UPI,Education
T00908,C0160,2022-11-09,Payment,19746.27,UPI,Healthcare
T00909,C0173,2023-07-30,Transfer,3910.35,Card,Education
T00910,C0317,2024-06-04,Purchase,7682.93,Cash,Food
T00911,C0303,2025-07-31,Withdrawal,4867.26,UPI,Education
T00912,C0149,2025-02-18,Payment,12689.5,Cash,Healthcare
T00913,C0080,2025-02-04,Transfer,2532.01,Card,Other
T00914,C0374,2023-11-18,Purchase,8166.84,Cash,Healthcare
T00915,C0213,2025-05-12,Purchase,3850.95,UPI,Healthcare
T00916,C0203,2022-06-14,Withdrawal,4274.76,Cash,Retail
T00917,C0252,2022-11-01,Transfer,4842.73,UPI,Food
T00918,C0229,2022-06-05,Withdrawal,5506.17,UPI,Retail
T00919,C0164,2025-10-22,Withdrawal,4100.44,UPI,Other
T00920,C0227,2023-09-12,Transfer,5343.32,Card,Travel
T00921,C0147,2025-06-28,Transfer,15904.02,Cash,Other
T00922,C0020,2024-08-14,Transfer,9899.03,Card,Food
T00923,C0441,2022-11-30,Payment,9019.61,Cash,Education
T00924,C0402,2024-08-26,Transfer,3125.66,Card,Healthcare
T00925,C0047,2023-05-26,Purchase,2209.32,Net Banking,Travel
T00926,C0233,2025-08-09,Withdrawal,9663.13,UPI,Food
T00927,C0305,2024-11-09,Payment,9069.48,UPI,Retail
T00928,C0014,2022-10-09,Transfer,14617.42,Card,Healthcare
T00929,C0143,2024-03-07,Payment,2775.67,Net Banking,Other
T00930,C0415,2024-10-21,Transfer,3745.06,UPI,Retail
T00931,C0001,2022-04-29,Payment,1212.26,Cash,Food
T00932,C0373,2024-11-24,Withdrawal,3287.41,Card,Food
T00933,C0054,2022-07-17,Withdrawal,9987.49,UPI,Other
T00934,C0374,2023-04-30,Purchase,3098.39,UPI,Travel
T00935,C0259,2024-12-18,Purchase,7511.7,Card,Other
T00936,C0144,2024-04-16,Transfer,3863.89,Card,Education
T00937,C0471,2025-03-30,Withdrawal,5831.78,Cash,Retail
T00938,C0441,2024-10-05,Payment,1796.65,Cash,Travel
T00939,C0459,2023-11-22,Payment,4817.45,UPI,Healthcare
T00940,C0012,2025-05-14,Payment,411.14,UPI,Education
T00941,C0330,2024-11-01,Purchase,3875.06,Card,Travel
T00942,C0224,2023-05-05,Payment,1221.03,UPI,Retail
T00943,C0272,2022-10-03,Purchase,11809.13,UPI,Food
T00944,C0456,2023-11-24,Purchase,8381.3,Card,Healthcare
T00945,C0358,2022-08-30,Transfer,6536.58,UPI,Other
T00946,C0460,2025-05-24,Payment,15193.72,UPI,Retail
T00947,C0408,2025-06-28,Payment,2106.32,Net Banking,Education
T00948,C0156,2022-05-06,Withdrawal,18209.95,Cash,Education
T00949,C0373,2022-08-05,Transfer,9486.13,Card,Food
T00950,C0008,2025-08-22,Withdrawal,3724.13,Net Banking,Food
T00951,C0122,2025-04-23,Transfer,11162.65,Cash,Healthcare
T00952,C0348,2024-11-28,Payment,1857.15,Cash,Other
T00953,C0164,2025-05-31,Purchase,2326.74,Cash,Healthcare
T00954,C0090,2025-04-22,Purchase,2765.46,Net Banking,Food
T00955,C0136,2023-05-10,Purchase,2947.32,Net Banking,Food
T00956,C0186,2023-03-03,Purchase,1932.53,Cash,Education
T00957,C0316,2025-04-16,Purchase,11971.68,UPI,Food
T00958,C0178,2024-07-07,Withdrawal,3658.28,UPI,Travel
T00959,C0028,2025-12-22,Transfer,5966.03,Net Banking,Retail
T00960,C0220,2025-08-10,Payment,2851.36,Net Banking,Food
T00961,C0357,2022-05-31,Withdrawal,1048.75,Net Banking,Healthcare
T00962,C0041,2023-01-19,Transfer,5585.22,Cash,Other
T00963,C0228,2022-11-04,Purchase,974.6,UPI,Other
T00964,C0192,2025-09-21,Transfer,4259.58,Net Banking,Other
T00965,C0411,2024-01-16,Transfer,1505.95,Net Banking,Travel
T00966,C0447,2024-06-10,Purchase,22062.92,Card,Healthcare
T00967,C0145,2023-01-10,Purchase,9329.37,Cash,Travel
T00968,C0201,2024-10-28,Purchase,4897.28,Card,Food
T00969,C0417,2025-09-26,Payment,12367.14,UPI,Retail
T00970,C0212,2022-05-09,Purchase,2286.51,Card,Other
T00971,C0461,2024-10-11,Payment,6950.83,Card,Healthcare
T00972,C0220,2023-10-31,Purchase,5280.0,Card,Other
T00973,C0240,2025-10-07,Payment,5558.31,Cash,Travel
T00974,C0413,2025-10-13,Transfer,12452.98,UPI,Education
T00975,C0397,2023-06-01,Withdrawal,8085.49,Card,Food
T00976,C0046,2022-03-27,Transfer,5669.25,Cash,Retail
T00977,C0035,2025-04-13,Transfer,1197.42,UPI,Food
T00978,C0253,2025-05-01,Purchase,2087.65,Net Banking,Education
T00979,C0390,2022-11-07,Payment,4079.24,Card,Retail
T00980,C0082,2025-02-16,Withdrawal,4849.01,UPI,Education
T00981,C0371,2025-05-26,Purchase,1821.96,Card,Food
T00982,C0256,2023-03-03,Purchase,30982.38,Net Banking,Travel
T00983,C0197,2025-12-08,Purchase,15137.77,UPI,Food
T00984,C0303,2022-04-24,Transfer,7284.67,Cash,Food
T00985,C0409,2025-03-14,Payment,4766.95,UPI,Food
T00986,C0450,2022-10-30,Payment,3797.38,Cash,Healthcare
T00987,C0010,2024-01-14,Withdrawal,2101.27,UPI,Education
T00988,C0312,2023-08-11,Payment,4787.76,Cash,Education
T00989,C0286,2024-09-13,Payment,5530.51,Net Banking,Other
T00990,C0242,2022-12-11,Purchase,1666.41,Net Banking,Education
T00991,C0251,2024-03-24,Purchase,5879.19,Net Banking,Other
T00992,C0365,2024-03-11,Transfer,3974.39,UPI,Healthcare
T00993,C0005,2024-10-21,Purchase,978.08,Net Banking,Travel
T00994,C0119,2025-03-16,Purchase,2260.91,Card,Other
T00995,C0289,2025-08-03,Purchase,3232.3,Net Banking,Food
T00996,C0374,2024-12-12,Purchase,20373.35,Cash,Travel
T00997,C0065,2025-08-20,Transfer,7023.91,Cash,Healthcare
T00998,C0146,2024-12-28,Purchase,1546.03,Cash,Education
T00999,C0224,2022-12-27,Withdrawal,6638.64,UPI,Other
T01000,C0239,2025-05-28,Withdrawal,1305.04,Card,Food
T01001,C0177,2024-10-06,Withdrawal,10699.86,Net Banking,Retail
T01002,C0267,2023-12-05,Withdrawal,3086.93,Card,Retail
T01003,C0341,2023-07-29,Purchase,4175.23,Card,Travel
T01004,C0282,2025-03-30,Withdrawal,12996.95,Cash,Education
T01005,C0063,2025-01-17,Purchase,1606.96,Cash,Retail
T01006,C0217,2023-11-19,Transfer,1471.65,Cash,Travel
T01007,C0342,2024-02-20,Withdrawal,2821.3,UPI,Healthcare
T01008,C0315,2023-08-08,Payment,10327.19,Card,Travel
T01009,C0283,2023-08-12,Withdrawal,1334.56,Card,Travel
T01010,C0177,2025-03-28,Withdrawal,466.9,UPI,Travel
T01011,C0461,2023-05-04,Purchase,3136.63,UPI,Food
T01012,C0417,2024-08-28,Withdrawal,6996.92,UPI,Travel
T01013,C0098,2025-09-09,Payment,11755.1,Card,Other
T01014,C0105,2025-11-05,Purchase,3106.66,Card,Travel
T01015,C0099,2025-01-30,Purchase,3237.94,Cash,Food
T01016,C0385,2023-05-09,Transfer,11327.1,Cash,Food
T01017,C0405,2022-01-19,Transfer,1008.32,Card,Healthcare
T01018,C0496,2023-02-01,Withdrawal,3297.82,Cash,Education
T01019,C0311,2024-09-27,Transfer,5240.5,UPI,Retail
T01020,C0006,2025-07-26,Transfer,6445.95,Net Banking,Retail
T01021,C0476,2024-04-30,Transfer,2992.87,Cash,Travel
T01022,C0465,2025-10-20,Purchase,4625.71,Card,Healthcare
T01023,C0197,2025-09-16,Purchase,614.72,Cash,Travel
T01024,C0351,2025-09-29,Purchase,2657.75,Cash,Retail
T01025,C0133,2024-04-01,Transfer,6468.11,Cash,Food
T01026,C0358,2023-03-31,Purchase,2050.83,Net Banking,Education
T01027,C0259,2023-12-26,Transfer,4717.43,UPI,Healthcare
T01028,C0437,2024-12-24,Purchase,6433.86,Card,Food
T01029,C0023,2025-01-04,Purchase,3421.36,Net Banking,Education
T01030,C0485,2023-12-12,Payment,5157.48,Card,Healthcare
T01031,C0053,2022-05-23,Withdrawal,2083.17,Card,Healthcare
T01032,C0165,2024-07-05,Transfer,3814.42,Card,Retail
T01033,C0202,2024-04-07,Payment,7332.01,Net Banking,Food
T01034,C0458,2023-08-28,Purchase,5102.12,UPI,Healthcare
T01035,C0083,2025-12-11,Transfer,2814.69,Card,Other
T01036,C0145,2022-11-01,Purchase,5384.1,UPI,Healthcare
T01037,C0085,2024-01-06,Withdrawal,7970.64,UPI,Education
T01038,C0078,2022-10-18,Payment,872.95,Cash,Retail
T01039,C0457,2022-04-12,Withdrawal,11374.08,Net Banking,Travel
T01040,C0366,2025-07-14,Payment,3438.63,Net Banking,Retail
T01041,C0001,2024-05-16,Purchase,6324.74,Cash,Travel
T01042,C0051,2024-08-25,Withdrawal,11726.78,Cash,Food
T01043,C0173,2024-08-31,Withdrawal,1501.91,UPI,Food
T01044,C0205,2024-04-21,Purchase,2551.1,Card,Healthcare
T01045,C0260,2024-08-19,Withdrawal,3572.4,Net Banking,Other
T01046,C0446,2024-07-30,Transfer,2403.86,Card,Food
T01047,C0449,2024-10-23,Payment,18029.81,Card,Healthcare
T01048,C0369,2022-03-26,Payment,2267.46,Cash,Retail
T01049,C0488,2022-11-24,Payment,2885.33,Card,Food
T01050,C0288,2024-03-26,Transfer,5299.37,UPI,Retail
T01051,C0034,2023-03-30,Payment,1720.06,Cash,Retail
T01052,C0348,2023-09-21,Purchase,3278.98,Card,Other
T01053,C0095,2025-05-29,Withdrawal,5801.06,Cash,Food
T01054,C0072,2025-03-23,Transfer,3447.98,UPI,Retail
T01055,C0039,2023-10-27,Payment,4176.06,UPI,Other
T01056,C0154,2022-01-12,Purchase,2946.48,Card,Other
T01057,C0250,2025-03-02,Withdrawal,1339.77,Cash,Food
T01058,C0162,2022-10-31,Withdrawal,5820.3,Card,Other
T01059,C0438,2025-08-09,Transfer,18320.56,Card,Food
T01060,C0118,2024-09-01,Transfer,4566.74,Cash,Food
T01061,C0259,2025-08-16,Transfer,5388.62,Card,Travel
T01062,C0379,2024-02-22,Purchase,7832.3,UPI,Retail
T01063,C0306,2022-02-12,Purchase,1630.05,Cash,Education
T01064,C0268,2024-08-01,Transfer,17568.18,Cash,Food
T01065,C0449,2022-12-09,Payment,5290.65,Cash,Retail
T01066,C0054,2025-09-11,Withdrawal,16602.66,Cash,Other
T01067,C0236,2023-05-13,Withdrawal,2503.4,Card,Healthcare
T01068,C0389,2022-12-30,Purchase,19269.57,Card,Food
T01069,C0478,2024-06-09,Withdrawal,8366.22,UPI,Other
T01070,C0222,2023-03-03,Payment,7004.2,Net Banking,Other
T01071,C0251,2024-10-01,Withdrawal,5426.51,Net Banking,Other
T01072,C0313,2022-01-21,Purchase,3688.63,UPI,Other
T01073,C0401,2023-02-11,Purchase,11757.63,Net Banking,Other
T01074,C0112,2023-09-11,Payment,5034.76,UPI,Food
T01075,C0255,2024-10-11,Payment,932.79,Card,Education
T01076,C0303,2022-12-02,Withdrawal,1841.04,Cash,Travel
T01077,C0407,2025-02-14,Withdrawal,3878.32,Cash,Other
T01078,C0207,2025-02-21,Purchase,5766.57,Card,Other
T01079,C0229,2023-02-03,Payment,4300.82,Cash,Travel
T01080,C0341,2024-03-03,Payment,11932.36,Cash,Food
T01081,C0398,2023-12-16,Payment,944.78,Net Banking,Retail
T01082,C0066,2022-02-20,Withdrawal,5047.78,Card,Healthcare
T01083,C0075,2022-11-20,Payment,1050.95,Net Banking,Healthcare
T01084,C0435,2024-02-28,Purchase,8263.49,Net Banking,Retail
T01085,C0103,2022-05-21,Purchase,4172.48,Cash,Food
T01086,C0422,2023-04-15,Withdrawal,6295.06,Cash,Healthcare
T01087,C0192,2024-02-26,Transfer,2254.6,Card,Travel
T01088,C0252,2025-09-19,Withdrawal,12524.03,Cash,Retail
T01089,C0226,2024-08-21,Transfer,10354.87,Cash,Education
T01090,C0294,2024-10-04,Payment,7177.23,Card,Food
T01091,C0306,2023-01-08,Withdrawal,4057.08,Cash,Retail
T01092,C0098,2023-05-09,Purchase,7156.09,Net Banking,Healthcare
T01093,C0338,2024-01-21,Payment,2556.31,Card,Food
T01094,C0286,2025-03-25,Purchase,8922.02,Cash,Travel
T01095,C0335,2022-10-18,Payment,16838.4,UPI,Food
T01096,C0347,2025-03-13,Withdrawal,10596.95,Card,Food
T01097,C0435,2022-04-16,Transfer,2510.28,Card,Travel
T01098,C0447,2025-12-14,Payment,6008.72,UPI,Other
T01099,C0482,2023-11-01,Transfer,1599.3,Cash,Travel
T01100,C0308,2022-01-02,Payment,7113.47,Cash,Food
T01101,C0249,2023-08-12,Purchase,6453.1,Card,Travel
T01102,C0166,2023-10-06,Purchase,1008.26,Card,Other
T01103,C0481,2022-03-31,Payment,1776.51,Cash,Retail
T01104,C0472,2025-09-30,Transfer,3587.9,Cash,Travel
T01105,C0335,2022-12-16,Withdrawal,3537.39,Net Banking,Travel
T01106,C0030,2025-07-10,Withdrawal,1710.0,Card,Food
T01107,C0247,2025-10-06,Purchase,6142.68,Card,Retail
T01108,C0106,2025-02-05,Withdrawal,5502.8,UPI,Education
T01109,C0051,2024-11-28,Purchase,3852.27,Net Banking,Education
T01110,C0081,2024-06-27,Withdrawal,2458.24,Cash,Healthcare
T01111,C0133,2022-06-08,Payment,10412.88,Net Banking,Travel
T01112,C0285,2024-08-16,Purchase,16918.42,Cash,Travel
T01113,C0388,2022-11-08,Purchase,3056.37,Cash,Retail
T01114,C0138,2025-06-18,Payment,2757.55,Net Banking,Other
T01115,C0184,2023-03-21,Purchase,6666.16,Card,Education
T01116,C0401,2022-10-25,Withdrawal,3379.25,Cash,Healthcare
T01117,C0330,2024-08-09,Withdrawal,4025.14,Net Banking,Retail
T01118,C0273,2022-02-05,Purchase,8131.94,UPI,Travel
T01119,C0340,2025-01-12,Withdrawal,976.86,Net Banking,Education
T01120,C0472,2025-11-09,Transfer,12919.26,UPI,Healthcare
T01121,C0069,2025-04-10,Purchase,4769.41,Cash,Food
T01122,C0034,2025-10-31,Payment,3237.76,Net Banking,Education
T01123,C0262,2025-10-17,Transfer,4189.96,Net Banking,Healthcare
T01124,C0053,2023-07-13,Purchase,4366.76,UPI,Retail
T01125,C0450,2024-06-09,Payment,1126.5,Net Banking,Food
T01126,C0205,2022-05-21,Withdrawal,14880.15,Net Banking,Healthcare
T01127,C0126,2024-06-05,Payment,4651.26,Cash,Healthcare
T01128,C0235,2025-02-15,Transfer,6413.97,Net Banking,Travel
T01129,C0043,2025-07-24,Withdrawal,9634.18,Card,Other
T01130,C0240,2023-12-27,Purchase,1988.04,UPI,Education
T01131,C0459,2025-05-28,Withdrawal,6572.24,Net Banking,Travel
T01132,C0371,2024-11-15,Purchase,3632.66,UPI,Food
T01133,C0111,2023-06-05,Purchase,8859.53,UPI,Other
T01134,C0249,2022-01-10,Payment,820.61,UPI,Healthcare
T01135,C0151,2024-09-10,Payment,4157.03,Net Banking,Travel
T01136,C0183,2023-01-13,Payment,2778.25,Net Banking,Other
T01137,C0336,2023-11-13,Transfer,6359.11,UPI,Education
T01138,C0095,2023-08-07,Transfer,6554.24,Card,Food
T01139,C0459,2022-06-01,Payment,2554.81,UPI,Retail
T01140,C0374,2023-12-21,Transfer,2545.53,Card,Travel
T01141,C0400,2024-12-08,Withdrawal,4118.73,UPI,Food
T01142,C0008,2025-03-23,Withdrawal,2196.28,Cash,Retail
T01143,C0388,2024-05-08,Transfer,8825.67,UPI,Travel
T01144,C0360,2025-08-09,Transfer,3349.17,UPI,Food
T01145,C0388,2022-02-19,Withdrawal,439.77,Net Banking,Food
T01146,C0184,2023-10-26,Purchase,3334.16,Card,Other
T01147,C0281,2023-06-15,Withdrawal,1960.58,Cash,Travel
T01148,C0195,2024-12-19,Withdrawal,1220.25,Card,Food
T01149,C0352,2025-04-05,Transfer,1672.19,Cash,Healthcare
T01150,C0195,2025-05-10,Withdrawal,4911.62,UPI,Travel
T01151,C0155,2024-05-06,Transfer,13026.56,Net Banking,Food
T01152,C0093,2022-05-26,Transfer,5781.28,Net Banking,Other
T01153,C0160,2024-07-03,Payment,2770.08,Card,Retail
T01154,C0434,2024-09-19,Withdrawal,6480.52,Net Banking,Retail
T01155,C0061,2022-08-30,Purchase,3116.79,Card,Healthcare
T01156,C0122,2023-08-04,Payment,2581.57,Card,Travel
T01157,C0051,2023-11-18,Transfer,1787.09,Cash,Other
T01158,C0403,2023-04-28,Transfer,1108.06,Card,Food
T01159,C0277,2025-02-05,Purchase,3294.12,Cash,Food
T01160,C0005,2025-06-03,Transfer,5106.53,Net Banking,Retail
T01161,C0466,2023-11-04,Withdrawal,4165.26,Card,Other
T01162,C0092,2023-09-23,Payment,3226.2,Card,Healthcare
T01163,C0170,2023-10-23,Transfer,2111.67,UPI,Retail
T01164,C0317,2023-10-24,Transfer,7320.47,Card,Retail
T01165,C0022,2025-12-26,Purchase,1568.9,Card,Healthcare
T01166,C0405,2024-03-15,Withdrawal,8372.06,UPI,Travel
T01167,C0326,2023-02-23,Transfer,2018.4,UPI,Food
T01168,C0001,2024-09-14,Purchase,2464.85,Net Banking,Travel
T01169,C0133,2025-03-29,Transfer,1391.87,Card,Other
T01170,C0233,2023-10-12,Purchase,3013.06,Net Banking,Education
T01171,C0012,2024-08-26,Purchase,9819.08,Net Banking,Education
T01172,C0346,2023-08-13,Withdrawal,6797.67,UPI,Education
T01173,C0046,2025-01-05,Transfer,9843.54,Cash,Healthcare
T01174,C0034,2023-05-24,Withdrawal,6833.19,Net Banking,Retail
T01175,C0433,2023-03-17,Purchase,1861.05,Cash,Travel
T01176,C0078,2025-07-01,Payment,3453.7,Card,Food
T01177,C0218,2024-07-09,Transfer,2410.7,UPI,Education
T01178,C0301,2024-02-09,Payment,13046.73,Card,Travel
T01179,C0411,2025-09-05,Transfer,1727.45,Card,Education
T01180,C0073,2022-09-20,Withdrawal,9198.46,UPI,Education
T01181,C0282,2025-10-29,Withdrawal,9192.98,Card,Food
T01182,C0249,2023-09-29,Withdrawal,19448.57,UPI,Other
T01183,C0047,2025-04-05,Withdrawal,3242.45,Cash,Other
T01184,C0121,2023-04-04,Withdrawal,7956.07,Card,Other
T01185,C0214,2024-09-25,Payment,27921.55,UPI,Healthcare
T01186,C0239,2025-07-27,Withdrawal,2745.5,Net Banking,Retail
T01187,C0056,2023-12-01,Purchase,1317.91,Card,Healthcare
T01188,C0350,2022-10-29,Purchase,1000.07,Cash,Travel
T01189,C0107,2025-05-26,Payment,7958.55,UPI,Healthcare
T01190,C0319,2025-01-30,Transfer,997.56,Card,Travel
T01191,C0048,2023-07-08,Purchase,3340.84,Card,Travel
T01192,C0061,2022-10-15,Transfer,6384.85,Card,Retail
T01193,C0337,2025-04-05,Payment,5218.54,Cash,Food
T01194,C0026,2023-09-13,Transfer,6324.51,UPI,Retail
T01195,C0292,2024-10-02,Transfer,5375.81,Net Banking,Other
T01196,C0257,2022-02-05,Transfer,12518.03,Net Banking,Other
T01197,C0008,2024-01-14,Transfer,2100.6,Net Banking,Healthcare
T01198,C0113,2022-12-19,Payment,2618.18,UPI,Travel
T01199,C0355,2022-03-14,Purchase,2425.29,Net Banking,Education
T01200,C0253,2023-10-10,Withdrawal,8742.8,Cash,Education
T01201,C0180,2025-10-08,Transfer,9247.9,UPI,Travel
T01202,C0207,2024-12-29,Purchase,6456.31,Card,Retail
T01203,C0303,2023-03-01,Purchase,11598.46,Cash,Food
T01204,C0127,2024-09-25,Payment,1753.55,Card,Retail
T01205,C0056,2023-12-09,Purchase,17079.12,Net Banking,Travel
T01206,C0214,2023-07-15,Payment,15220.88,Cash,Travel
T01207,C0014,2024-04-07,Transfer,8105.76,UPI,Food
T01208,C0474,2024-08-13,Transfer,18718.58,Cash,Healthcare
T01209,C0028,2023-06-01,Withdrawal,1195.76,Card,Healthcare
T01210,C0471,2023-03-04,Withdrawal,2958.02,UPI,Food
T01211,C0078,2022-06-09,Withdrawal,2498.86,Cash,Healthcare
T01212,C0216,2022-05-29,Purchase,8014.57,Cash,Education
T01213,C0386,2024-02-15,Transfer,1942.48,Cash,Healthcare
T01214,C0365,2025-06-07,Payment,8248.85,Cash,Healthcare
T01215,C0154,2022-03-08,Withdrawal,13470.56,UPI,Healthcare
T01216,C0014,2024-10-10,Payment,7847.85,Card,Education
T01217,C0187,2023-01-16,Payment,5646.74,Cash,Healthcare
T01218,C0312,2022-02-27,Withdrawal,2041.69,UPI,Other
T01219,C0371,2025-07-06,Transfer,2285.53,Card,Education
T01220,C0007,2022-12-08,Withdrawal,12228.54,Cash,Food
T01221,C0003,2025-02-27,Payment,8394.33,Card,Retail
T01222,C0111,2023-12-28,Withdrawal,4361.7,Card,Food
T01223,C0407,2025-04-10,Payment,3221.19,UPI,Retail
T01224,C0238,2024-02-09,Payment,889.97,Card,Food
T01225,C0363,2023-09-06,Withdrawal,1910.56,UPI,Other
T01226,C0239,2025-05-17,Purchase,20763.83,Cash,Retail
T01227,C0493,2022-12-20,Withdrawal,1615.61,Card,Retail
T01228,C0274,2022-04-26,Purchase,5236.54,Card,Travel
T01229,C0294,2025-07-11,Payment,10074.75,Net Banking,Retail
T01230,C0227,2023-10-24,Payment,1648.95,Cash,Retail
T01231,C0371,2023-03-29,Purchase,5216.6,Cash,Travel
T01232,C0015,2022-10-14,Payment,9529.67,Net Banking,Healthcare
T01233,C0192,2025-08-19,Purchase,4545.22,Net Banking,Healthcare
T01234,C0473,2024-10-13,Purchase,44647.57,UPI,Travel
T01235,C0119,2022-11-07,Payment,1184.35,UPI,Education
T01236,C0485,2022-07-27,Transfer,10496.69,Card,Retail
T01237,C0028,2023-09-10,Purchase,3919.0,Card,Retail
T01238,C0202,2023-03-22,Withdrawal,8344.59,Card,Travel
T01239,C0039,2023-11-01,Withdrawal,6405.28,Card,Travel
T01240,C0441,2023-09-25,Payment,2503.16,UPI,Education
T01241,C0273,2022-02-24,Transfer,5404.73,Cash,Other
T01242,C0231,2024-06-30,Payment,1017.91,Card,Healthcare
T01243,C0086,2024-11-01,Transfer,7291.25,Cash,Food
T01244,C0474,2023-10-19,Purchase,5712.2,Card,Other
T01245,C0126,2025-11-24,Purchase,7500.77,Net Banking,Healthcare
T01246,C0300,2024-09-06,Purchase,10491.57,Card,Retail
T01247,C0025,2023-05-30,Purchase,6038.61,Card,Other
T01248,C0145,2022-08-25,Withdrawal,5065.99,Card,Travel
T01249,C0013,2025-07-26,Withdrawal,2223.81,UPI,Education
T01250,C0212,2022-12-14,Payment,2545.43,Net Banking,Healthcare
T01251,C0025,2023-09-19,Transfer,11628.57,Card,Education
T01252,C0068,2025-02-01,Purchase,14198.63,Card,Healthcare
T01253,C0394,2023-09-22,Purchase,3719.5,Cash,Other
T01254,C0067,2025-06-25,Transfer,4668.7,Net Banking,Retail
T01255,C0233,2022-12-30,Transfer,2182.31,Card,Food
T01256,C0109,2022-11-17,Payment,11499.26,Cash,Education
T01257,C0146,2022-10-13,Transfer,7663.06,Cash,Education
T01258,C0111,2022-05-29,Purchase,21264.76,UPI,Food
T01259,C0228,2025-01-12,Purchase,2228.7,Cash,Education
T01260,C0111,2023-02-10,Purchase,3325.67,Card,Education
T01261,C0470,2024-09-04,Purchase,5415.33,UPI,Healthcare
T01262,C0034,2023-04-01,Purchase,7547.9,UPI,Healthcare
T01263,C0111,2024-03-10,Payment,3786.88,Card,Food
T01264,C0264,2025-03-30,Purchase,2238.28,Net Banking,Retail
T01265,C0424,2024-10-09,Payment,9108.46,Cash,Other
T01266,C0369,2024-02-23,Purchase,8012.36,UPI,Other
T01267,C0236,2023-04-05,Withdrawal,2162.05,Net Banking,Education
T01268,C0083,2024-01-08,Withdrawal,13308.88,Card,Retail
T01269,C0042,2023-05-24,Withdrawal,11475.75,Cash,Food
T01270,C0425,2023-04-26,Withdrawal,5010.39,Cash,Food
T01271,C0101,2022-04-24,Payment,4795.87,UPI,Healthcare
T01272,C0006,2024-01-19,Payment,7009.9,Cash,Education
T01273,C0180,2022-12-27,Transfer,2258.53,Cash,Travel
T01274,C0282,2022-12-07,Purchase,4609.42,Cash,Food
T01275,C0320,2024-02-09,Withdrawal,804.26,Cash,Education
T01276,C0226,2024-01-31,Payment,9072.45,Card,Retail
T01277,C0443,2024-08-26,Purchase,1290.31,Net Banking,Healthcare
T01278,C0440,2023-03-25,Purchase,14981.46,Card,Other
T01279,C0315,2024-04-14,Payment,3455.55,Card,Retail
T01280,C0365,2025-04-18,Withdrawal,3799.02,UPI,Food
T01281,C0454,2025-12-01,Transfer,2723.42,Cash,Food
T01282,C0229,2025-05-04,Purchase,3573.86,Card,Retail
T01283,C0377,2022-11-07,Transfer,13997.83,Cash,Food
T01284,C0289,2022-09-19,Withdrawal,614.98,Card,Education
T01285,C0437,2025-12-13,Withdrawal,12499.01,Card,Food
T01286,C0150,2023-02-10,Transfer,5897.31,UPI,Healthcare
T01287,C0277,2022-05-23,Withdrawal,1713.37,Net Banking,Education
T01288,C0198,2022-12-08,Purchase,1903.75,Net Banking,Travel
T01289,C0070,2025-09-01,Transfer,17204.86,Card,Food
T01290,C0112,2025-01-29,Withdrawal,2112.08,UPI,Food
T01291,C0004,2022-09-01,Transfer,1788.54,Cash,Healthcare
T01292,C0350,2023-05-05,Purchase,11177.79,Cash,Healthcare
T01293,C0331,2022-01-12,Withdrawal,5899.81,Card,Other
T01294,C0446,2025-06-16,Purchase,2124.93,Net Banking,Retail
T01295,C0318,2023-07-15,Withdrawal,5351.5,UPI,Retail
T01296,C0350,2022-02-11,Payment,1980.75,Net Banking,Retail
T01297,C0095,2023-11-09,Withdrawal,10856.18,Cash,Healthcare
T01298,C0152,2023-08-17,Transfer,10518.91,Net Banking,Retail
T01299,C0311,2025-12-23,Withdrawal,6887.32,Cash,Retail
T01300,C0137,2025-03-27,Purchase,6009.89,UPI,Travel
T01301,C0247,2025-05-24,Purchase,18412.47,UPI,Retail
T01302,C0387,2022-05-14,Withdrawal,4498.87,Card,Food
T01303,C0243,2024-12-26,Transfer,1748.18,Card,Other
T01304,C0031,2024-10-27,Payment,6447.27,Net Banking,Healthcare
T01305,C0040,2024-08-05,Transfer,23876.99,UPI,Education
T01306,C0229,2022-03-14,Payment,1998.25,UPI,Other
T01307,C0036,2023-02-03,Purchase,3369.98,Card,Travel
T01308,C0408,2025-11-29,Transfer,6279.15,Cash,Healthcare
T01309,C0223,2023-08-01,Payment,4310.07,Net Banking,Healthcare
T01310,C0006,2024-05-08,Withdrawal,2050.81,Net Banking,Food
T01311,C0322,2022-05-10,Purchase,11040.43,Card,Other
T01312,C0468,2024-07-19,Withdrawal,28792.36,UPI,Other
T01313,C0220,2025-05-14,Purchase,5264.48,Card,Retail
T01314,C0075,2022-09-23,Transfer,2183.27,Card,Food
T01315,C0004,2024-03-03,Transfer,1303.31,Card,Retail
T01316,C0335,2022-09-10,Purchase,5531.5,Card,Retail
T01317,C0134,2024-04-01,Purchase,10882.75,Cash,Healthcare
T01318,C0118,2025-08-05,Purchase,6581.16,Cash,Other
T01319,C0369,2022-06-13,Transfer,4491.35,UPI,Retail
T01320,C0094,2022-04-05,Payment,2808.53,Card,Travel
T01321,C0486,2024-04-12,Withdrawal,1878.26,Cash,Travel
T01322,C0435,2025-02-07,Withdrawal,8774.75,UPI,Other
T01323,C0062,2022-12-02,Transfer,9347.37,Card,Travel
T01324,C0441,2024-04-01,Withdrawal,1306.69,Net Banking,Healthcare
T01325,C0194,2022-08-26,Purchase,16053.85,Cash,Food
T01326,C0335,2023-01-16,Payment,7123.04,UPI,Education
T01327,C0203,2025-12-30,Withdrawal,13787.37,Net Banking,Retail
T01328,C0392,2024-06-17,Payment,1537.83,Card,Education
T01329,C0026,2023-04-28,Purchase,1508.96,Card,Food
T01330,C0435,2024-06-20,Withdrawal,3994.43,Card,Food
T01331,C0173,2024-11-14,Transfer,6728.18,Cash,Healthcare
T01332,C0300,2025-02-14,Payment,18937.92,UPI,Travel
T01333,C0133,2023-04-27,Purchase,7916.43,Net Banking,Travel
T01334,C0326,2025-11-16,Payment,3705.92,UPI,Food
T01335,C0410,2024-07-05,Withdrawal,1979.77,Cash,Healthcare
T01336,C0118,2024-09-20,Withdrawal,12038.11,UPI,Healthcare
T01337,C0324,2024-08-21,Transfer,2079.89,Cash,Other
T01338,C0275,2023-06-21,Purchase,16557.72,Card,Retail
T01339,C0212,2025-01-07,Purchase,3584.32,Net Banking,Travel
T01340,C0225,2025-04-11,Transfer,16063.39,Card,Food
T01341,C0020,2024-11-01,Transfer,7746.36,UPI,Other
T01342,C0113,2022-05-08,Purchase,4032.88,Card,Education
T01343,C0140,2022-04-02,Payment,2970.0,Net Banking,Travel
T01344,C0047,2023-06-27,Payment,3425.86,Card,Retail
T01345,C0001,2024-04-25,Transfer,6339.06,Net Banking,Healthcare
T01346,C0090,2024-09-15,Payment,4786.52,Net Banking,Food
T01347,C0142,2023-03-23,Purchase,2798.35,Card,Travel
T01348,C0320,2023-01-25,Withdrawal,3941.54,Cash,Education
T01349,C0038,2023-11-03,Withdrawal,4791.96,UPI,Retail
T01350,C0293,2022-02-12,Payment,819.62,Cash,Retail
T01351,C0382,2022-09-11,Transfer,6492.27,Cash,Other
T01352,C0139,2025-02-27,Transfer,2055.05,Card,Travel
T01353,C0356,2024-12-19,Transfer,1788.56,UPI,Education
T01354,C0333,2023-10-25,Transfer,1166.73,UPI,Retail
T01355,C0491,2023-04-12,Transfer,1071.4,Cash,Food
T01356,C0259,2022-10-14,Payment,1521.53,Card,Retail
T01357,C0161,2024-10-07,Withdrawal,2551.96,UPI,Education
T01358,C0390,2024-02-17,Withdrawal,21470.6,Cash,Healthcare
T01359,C0178,2022-12-11,Payment,2954.63,UPI,Healthcare
T01360,C0010,2023-10-04,Transfer,5187.63,Card,Other
T01361,C0261,2023-01-17,Payment,6199.46,Card,Travel
T01362,C0407,2023-11-21,Withdrawal,4997.46,Card,Education
T01363,C0138,2025-06-30,Purchase,4229.66,UPI,Other
T01364,C0172,2024-12-15,Payment,1729.52,Net Banking,Retail
T01365,C0386,2023-04-02,Transfer,14365.36,UPI,Retail
T01366,C0013,2024-09-09,Withdrawal,19102.8,Net Banking,Healthcare
T01367,C0168,2022-03-24,Withdrawal,1171.11,Card,Other
T01368,C0130,2025-01-27,Withdrawal,1983.48,Cash,Healthcare
T01369,C0084,2022-05-29,Withdrawal,3597.46,Net Banking,Food
T01370,C0321,2025-09-14,Transfer,2080.16,Card,Healthcare
T01371,C0319,2025-03-25,Purchase,6745.33,Card,Food
T01372,C0101,2022-07-09,Withdrawal,2512.96,Net Banking,Retail
T01373,C0329,2024-06-01,Payment,25434.9,Cash,Other
T01374,C0273,2022-09-20,Purchase,11664.11,Card,Food
T01375,C0265,2025-01-08,Withdrawal,5334.19,Net Banking,Other
T01376,C0459,2023-02-04,Purchase,10233.5,Cash,Other
T01377,C0399,2024-02-03,Payment,10900.38,Cash,Food
T01378,C0408,2023-09-01,Withdrawal,2866.01,Card,Travel
T01379,C0038,2025-07-07,Payment,2342.23,UPI,Healthcare
T01380,C0419,2024-02-24,Transfer,4790.29,UPI,Food
T01381,C0094,2022-04-11,Withdrawal,8965.52,Card,Retail
T01382,C0095,2025-10-14,Withdrawal,5029.53,Cash,Other
T01383,C0305,2025-11-04,Withdrawal,1274.41,Card,Education
T01384,C0069,2024-03-30,Withdrawal,2367.46,Net Banking,Food
T01385,C0318,2025-05-29,Transfer,4241.42,UPI,Healthcare
T01386,C0444,2024-03-30,Withdrawal,4235.68,Net Banking,Other
T01387,C0236,2023-02-24,Purchase,21804.39,Card,Travel
T01388,C0434,2022-05-04,Withdrawal,1484.81,Card,Retail
T01389,C0334,2023-02-26,Transfer,6743.3,Cash,Travel
T01390,C0373,2025-06-08,Withdrawal,14810.97,Cash,Education
T01391,C0376,2024-12-22,Purchase,27694.59,Cash,Food
T01392,C0459,2024-02-07,Transfer,3256.2,Net Banking,Other
T01393,C0137,2023-04-28,Transfer,6667.34,Cash,Food
T01394,C0418,2023-06-03,Purchase,7098.52,Card,Healthcare
T01395,C0076,2022-06-04,Purchase,5261.75,Cash,Food
T01396,C0483,2022-04-02,Purchase,4157.86,UPI,Retail
T01397,C0035,2024-09-08,Purchase,6378.02,Cash,Education
T01398,C0001,2023-03-31,Purchase,593.5,Net Banking,Travel
T01399,C0296,2023-08-21,Transfer,7765.83,UPI,Education
T01400,C0320,2023-05-25,Transfer,4977.96,UPI,Other
T01401,C0406,2025-04-21,Withdrawal,3766.32,UPI,Food
T01402,C0060,2023-01-21,Withdrawal,23140.1,Net Banking,Other
T01403,C0320,2023-02-09,Payment,2622.51,Card,Travel
T01404,C0349,2022-09-03,Withdrawal,3259.64,Cash,Other
T01405,C0328,2024-01-12,Withdrawal,22138.54,UPI,Healthcare
T01406,C0267,2023-10-23,Purchase,2312.73,UPI,Education
T01407,C0361,2023-10-12,Purchase,2897.9,UPI,Travel
T01408,C0229,2025-12-17,Withdrawal,4000.65,Card,Travel
T01409,C0270,2024-06-19,Payment,8816.85,Card,Travel
T01410,C0316,2022-03-06,Purchase,5313.86,Net Banking,Retail
T01411,C0286,2024-11-02,Withdrawal,1599.96,Card,Education
T01412,C0291,2022-08-01,Withdrawal,2939.8,Cash,Other
T01413,C0213,2022-08-30,Transfer,2768.19,Net Banking,Travel
T01414,C0165,2023-05-08,Payment,4230.42,Net Banking,Education
T01415,C0005,2025-05-21,Transfer,6326.53,Cash,Travel
T01416,C0339,2022-12-04,Payment,6287.99,Cash,Healthcare
T01417,C0379,2022-06-22,Purchase,1086.83,Cash,Healthcare
T01418,C0078,2023-11-03,Payment,10540.55,Net Banking,Healthcare
T01419,C0410,2022-06-13,Withdrawal,5507.62,Net Banking,Food
T01420,C0062,2023-04-10,Withdrawal,13622.23,Net Banking,Travel
T01421,C0132,2024-09-21,Payment,6420.12,Cash,Food
T01422,C0089,2023-05-12,Payment,10860.54,Cash,Education
T01423,C0237,2023-12-01,Payment,6535.92,UPI,Food
T01424,C0042,2023-01-30,Transfer,13211.11,Card,Education
T01425,C0089,2023-12-04,Payment,6833.78,UPI,Education
T01426,C0402,2022-11-04,Purchase,4160.96,Cash,Education
T01427,C0296,2022-07-02,Transfer,27716.42,Net Banking,Other
T01428,C0328,2023-09-21,Transfer,9164.22,Cash,Food
T01429,C0295,2023-05-25,Payment,7121.18,Card,Other
T01430,C0104,2023-06-30,Purchase,1620.98,UPI,Travel
T01431,C0014,2023-09-16,Transfer,1605.49,UPI,Food
T01432,C0288,2023-08-17,Withdrawal,5687.38,Net Banking,Travel
T01433,C0179,2024-01-14,Transfer,5055.59,UPI,Travel
T01434,C0125,2025-06-04,Payment,2753.24,UPI,Education
T01435,C0422,2025-12-30,Purchase,5037.27,Cash,Food
T01436,C0353,2025-12-16,Payment,16038.29,UPI,Travel
T01437,C0023,2023-07-08,Withdrawal,7849.1,UPI,Healthcare
T01438,C0063,2022-01-21,Withdrawal,1806.28,UPI,Travel
T01439,C0143,2023-07-08,Withdrawal,4115.95,Net Banking,Healthcare
T01440,C0481,2023-02-01,Payment,2363.41,Net Banking,Food
T01441,C0153,2023-09-17,Transfer,3299.98,Cash,Other
T01442,C0145,2022-04-15,Payment,3232.27,UPI,Food
T01443,C0225,2022-07-11,Purchase,3070.87,Net Banking,Other
T01444,C0495,2022-01-17,Transfer,1648.67,Net Banking,Other
T01445,C0450,2025-02-17,Withdrawal,4063.13,Cash,Food
T01446,C0462,2023-01-28,Payment,2873.67,Card,Travel
T01447,C0309,2023-03-01,Withdrawal,431.93,UPI,Retail
T01448,C0104,2022-05-09,Withdrawal,23253.49,Net Banking,Travel
T01449,C0104,2025-02-27,Purchase,10752.01,Cash,Travel
T01450,C0435,2023-07-26,Transfer,3330.21,Cash,Education
T01451,C0039,2022-01-29,Purchase,4568.26,Cash,Education
T01452,C0435,2025-01-25,Purchase,1762.54,Net Banking,Travel
T01453,C0198,2024-10-30,Purchase,17472.98,UPI,Healthcare
T01454,C0134,2022-08-30,Withdrawal,20530.43,Card,Other
T01455,C0067,2022-08-20,Purchase,5100.98,UPI,Education
T01456,C0391,2024-02-28,Purchase,10205.25,Cash,Travel
T01457,C0179,2025-07-31,Transfer,5177.42,Cash,Retail
T01458,C0456,2023-12-16,Transfer,1544.5,Card,Healthcare
T01459,C0042,2024-01-29,Purchase,3236.91,UPI,Food
T01460,C0448,2024-03-12,Transfer,5000.91,Cash,Travel
T01461,C0500,2024-02-15,Transfer,3128.14,Cash,Travel
T01462,C0015,2023-12-27,Purchase,3777.85,UPI,Other
T01463,C0111,2022-07-19,Withdrawal,4182.7,Cash,Healthcare
T01464,C0157,2024-08-02,Purchase,4218.06,UPI,Education
T01465,C0289,2022-03-20,Transfer,4692.12,Cash,Education
T01466,C0500,2024-08-13,Withdrawal,1926.29,UPI,Education
T01467,C0478,2024-05-05,Payment,2535.69,Card,Food
T01468,C0231,2025-04-11,Withdrawal,1610.28,Cash,Healthcare
T01469,C0411,2023-04-12,Transfer,9838.76,Card,Healthcare
T01470,C0420,2023-08-04,Withdrawal,834.9,Cash,Education
T01471,C0157,2025-12-10,Purchase,11324.29,Cash,Education
T01472,C0038,2024-07-28,Payment,13642.05,Net Banking,Other
T01473,C0441,2023-03-25,Payment,3533.66,UPI,Retail
T01474,C0097,2022-03-28,Payment,560.78,Card,Retail
T01475,C0485,2022-04-11,Transfer,3370.39,Card,Travel
T01476,C0411,2024-10-28,Transfer,4274.77,Card,Travel
T01477,C0439,2024-04-24,Payment,2004.91,UPI,Healthcare
T01478,C0289,2025-05-08,Withdrawal,2979.94,Net Banking,Healthcare
T01479,C0254,2022-03-28,Payment,15305.83,Card,Food
T01480,C0196,2022-02-12,Withdrawal,7660.05,UPI,Food
T01481,C0086,2025-11-09,Withdrawal,2147.76,Cash,Retail
T01482,C0322,2025-12-29,Transfer,1253.57,Card,Travel
T01483,C0010,2023-02-12,Withdrawal,3464.14,Card,Retail
T01484,C0005,2023-10-26,Payment,3793.59,Net Banking,Retail
T01485,C0123,2024-11-06,Transfer,6692.83,Card,Travel
T01486,C0330,2022-05-28,Purchase,2932.41,Card,Food
T01487,C0353,2022-10-04,Purchase,6775.26,Cash,Other
T01488,C0118,2022-08-20,Transfer,21161.86,UPI,Other
T01489,C0294,2023-01-01,Payment,8640.65,UPI,Other
T01490,C0397,2025-06-05,Purchase,4330.17,Net Banking,Travel
T01491,C0159,2023-03-12,Purchase,3886.69,Cash,Education
T01492,C0303,2023-02-03,Withdrawal,3382.92,UPI,Education
T01493,C0228,2025-05-19,Withdrawal,11572.02,Cash,Education
T01494,C0365,2025-11-15,Payment,2724.34,UPI,Healthcare
T01495,C0216,2023-05-14,Transfer,4665.78,Cash,Food
T01496,C0436,2023-06-24,Payment,4688.14,Net Banking,Food
T01497,C0184,2023-07-17,Transfer,3012.14,Card,Healthcare
T01498,C0015,2023-03-18,Purchase,1500.96,Net Banking,Retail
T01499,C0157,2025-07-08,Withdrawal,5826.74,UPI,Other
T01500,C0136,2024-02-12,Payment,4285.66,Net Banking,Education
